1,547,49500,0.86267,0,0.15,4
2,548,49500,0.86267,0,0.15,4
3,549,49500,0.86267,0,0.15,4
4,550,49500,0.86267,0,0.15,4
5,551,49500,0.86267,0,0.15,4
6,552,49500,0.86267,0,0.15,4
7,553,49500,0.86267,0,0.15,4
8,554,49500,0.86267,0,0.15,4
9,555,49500,0.86267,0,0.15,4
10,556,49500,0.86267,0,0.15,4
11,557,49500,0.86267,0,0.15,4
12,558,49500,0.86267,0,0.15,4
13,559,49500,0.86267,0,0.15,4
14,560,49500,0.86267,0,0.15,4
15,561,49500,0.86267,0,0.15,4
16,562,49500,0.86267,0,0.15,4
17,563,49500,0.86267,0,0.15,4
18,564,49500,0.86267,0,0.15,4
19,565,49500,0.86267,0,0.15,4
20,566,49500,0.86267,0,0.15,4
21,567,49500,0.86267,0,0.15,4
22,568,49500,0.86267,0,0.15,4
23,569,49500,0.86267,0,0.15,4
24,570,49500,0.86267,0,0.15,4
25,571,49500,0.86267,0,0.15,4
26,572,49500,0.86267,0,0.15,4
27,573,49500,0.86267,0,0.15,4
28,574,49500,0.86267,0,0.15,4
29,575,49500,0.86267,0,0.15,4
30,576,49500,0.86267,0,0.15,4
31,577,49500,0.86267,0,0.15,4
32,578,49500,0.86267,0,0.15,4
33,579,49500,0.86267,0,0.15,4
34,580,49500,0.86267,0,0.15,4
35,581,49500,0.86267,0,0.15,4
36,582,49500,0.86267,0,0.15,4
37,583,49500,0.86267,0,0.15,4
38,584,49500,0.86267,0,0.15,4
39,585,49500,0.86267,0,0.15,4
40,586,49500,0.86267,0,0.15,4
41,587,49500,0.86267,0,0.15,4
42,588,49500,0.86267,0,0.15,4
43,589,49500,0.86267,0,0.15,4
44,590,49500,0.86267,0,0.15,4
45,591,49500,0.86267,0,0.15,4
46,592,49500,0.86267,0,0.15,4
47,593,49500,0.86267,0,0.15,4
48,594,49500,0.86267,0,0.15,4
49,595,49500,0.86267,0,0.15,4
50,596,49500,0.86267,0,0.15,4
51,597,49500,0.86267,0,0.15,4
52,598,49500,0.86267,0,0.15,4
53,599,49500,0.86267,0,0.15,4
54,600,49500,0.86267,0,0.15,4
55,601,49500,0.86267,0,0.15,4
56,602,49500,0.86267,0,0.15,4
57,603,49500,0.86267,0,0.15,4
58,604,49500,0.86267,0,0.15,4
59,605,49500,0.86267,0,0.15,4
60,606,49500,0.86267,0,0.15,4
61,607,49500,0.86267,0,0.15,4
62,608,49500,0.86267,0,0.15,4
63,609,49500,0.86267,0,0.15,4
64,610,49500,0.86267,0,0.15,4
65,611,49500,0.86267,0,0.15,4
66,612,49500,0.86267,0,0.15,4
67,613,49500,0.86267,0,0.15,4
68,614,49500,0.86267,0,0.15,4
69,615,49500,0.86267,0,0.15,4
70,616,49500,0.86267,0,0.15,4
71,617,49500,0.86267,0,0.15,4
72,618,49500,0.86267,0,0.15,4
73,619,49500,0.86267,0,0.15,4
74,620,49500,0.86267,0,0.15,4
75,621,49500,0.86267,0,0.15,4
76,622,49500,0.86267,0,0.15,4
77,623,49500,0.86267,0,0.15,4
78,624,49500,0.86267,0,0.15,4
79,625,49500,0.86267,0,0.15,4
80,626,49500,0.86267,0,0.15,4
81,627,49500,0.86267,0,0.15,4
82,628,49500,0.86267,0,0.15,4
83,629,49500,0.86267,0,0.15,4
84,630,49500,0.86267,0,0.15,4
85,631,49500,0.86267,0,0.15,4
86,632,49500,0.86267,0,0.15,4
87,633,49500,0.86267,0,0.15,4
88,634,49500,0.86267,0,0.15,4
89,635,49500,0.86267,0,0.15,4
90,636,49500,0.86267,0,0.15,4
91,637,49500,0.86267,0,0.15,4
92,638,49500,0.86267,0,0.15,4
93,639,49500,0.86267,0,0.15,4
94,640,49500,0.86267,0,0.15,4
95,641,49500,0.86267,0,0.15,4
96,642,49500,0.86267,0,0.15,4
97,643,49500,0.86267,0,0.15,4
98,644,49500,0.86267,0,0.15,4
99,645,49500,0.86267,0,0.15,4
100,646,49500,0.86267,0,0.15,4
101,647,49500,0.86267,0,0.15,4
102,648,49500,0.86267,0,0.15,4
103,649,49500,0.86267,0,0.15,4
104,650,49500,0.86267,0,0.15,4
105,651,49500,0.86267,0,0.15,4
106,652,49500,0.86267,0,0.15,4
107,653,49500,0.86267,0,0.15,4
108,654,49500,0.86267,0,0.15,4
109,655,49500,0.86267,0,0.15,4
110,656,49500,0.86267,0,0.15,4
111,657,49500,0.86267,0,0.15,4
112,658,49500,0.86267,0,0.15,4
113,659,49500,0.86267,0,0.15,4
114,660,49500,0.86267,0,0.15,4
115,661,49500,0.86267,0,0.15,4
116,662,49500,0.86267,0,0.15,4
117,663,49500,0.86267,0,0.15,4
118,664,49500,0.86267,0,0.15,4
119,665,49500,0.86267,0,0.15,4
120,666,49500,0.86267,0,0.15,4
121,667,49500,0.86267,0,0.15,4
122,668,49500,0.86267,0,0.15,4
123,669,49500,0.86267,0,0.15,4
124,670,49500,0.86267,0,0.15,4
125,671,49500,0.86267,0,0.15,4
126,672,49500,0.86267,0,0.15,4
127,673,49500,0.86267,0,0.15,4
128,674,49500,0.86267,0,0.15,4
129,675,49500,0.86267,0,0.15,4
130,676,49500,0.86267,0,0.15,4
131,677,49500,0.86267,0,0.15,4
132,678,49500,0.86267,0,0.15,4
133,679,49500,0.86267,0,0.15,4
134,680,49500,0.86267,0,0.15,4
135,681,49500,0.86267,0,0.15,4
136,682,49500,0.86267,0,0.15,4
137,683,49500,0.86267,0,0.15,4
138,684,49500,0.86267,0,0.15,4
139,685,49500,0.86267,0,0.15,4
140,686,49500,0.86267,0,0.15,4
141,687,49500,0.86267,0,0.15,4
142,688,49500,0.86267,0,0.15,4
143,689,49500,0.86267,0,0.15,4
144,690,49500,0.86267,0,0.15,4
145,691,49500,0.86267,0,0.15,4
146,692,49500,0.86267,0,0.15,4
147,693,49500,0.86267,0,0.15,4
148,694,49500,0.86267,0,0.15,4
149,695,49500,0.86267,0,0.15,4
150,696,49500,0.86267,0,0.15,4
151,697,49500,0.86267,0,0.15,4
152,698,49500,0.86267,0,0.15,4
153,699,49500,0.86267,0,0.15,4
154,700,49500,0.86267,0,0.15,4
155,701,49500,0.86267,0,0.15,4
156,702,49500,0.86267,0,0.15,4
157,703,49500,0.86267,0,0.15,4
158,704,49500,0.86267,0,0.15,4
159,705,49500,0.86267,0,0.15,4
160,706,49500,0.86267,0,0.15,4
161,707,49500,0.86267,0,0.15,4
162,708,49500,0.86267,0,0.15,4
163,709,49500,0.86267,0,0.15,4
164,710,49500,0.86267,0,0.15,4
165,711,49500,0.86267,0,0.15,4
166,712,49500,0.86267,0,0.15,4
167,713,49500,0.86267,0,0.15,4
168,714,49500,0.86267,0,0.15,4
169,715,49500,0.86267,0,0.15,4
170,716,49500,0.86267,0,0.15,4
171,717,49500,0.86267,0,0.15,4
172,718,49500,0.86267,0,0.15,4
173,719,49500,0.86267,0,0.15,4
174,720,49500,0.86267,0,0.15,4
175,721,49500,0.86267,0,0.15,4
176,722,49500,0.86267,0,0.15,4
177,723,49500,0.86267,0,0.15,4
178,724,49500,0.86267,0,0.15,4
179,725,49500,0.86267,0,0.15,4
180,726,49500,0.86267,0,0.15,4
181,727,49500,0.86267,0,0.15,4
182,728,49500,0.86267,0,0.15,4
183,729,49500,0.86267,0,0.15,4
184,730,49500,0.86267,0,0.15,4
185,731,49500,0.86267,0,0.15,4
186,732,49500,0.86267,0,0.15,4
187,733,49500,0.86267,0,0.15,4
188,734,49500,0.86267,0,0.15,4
189,735,49500,0.86267,0,0.15,4
190,736,49500,0.86267,0,0.15,4
191,737,49500,0.86267,0,0.15,4
192,738,49500,0.86267,0,0.15,4
193,739,49500,0.86267,0,0.15,4
194,740,49500,0.86267,0,0.15,4
195,741,49500,0.86267,0,0.15,4
196,742,49500,0.86267,0,0.15,4
197,743,49500,0.86267,0,0.15,4
198,744,49500,0.86267,0,0.15,4
199,745,49500,0.86267,0,0.15,4
200,746,49500,0.86267,0,0.15,4
201,747,49500,0.86267,0,0.15,4
202,748,49500,0.86267,0,0.15,4
203,749,49500,0.86267,0,0.15,4
204,750,49500,0.86267,0,0.15,4
205,751,49500,0.86267,0,0.15,4
206,752,49500,0.86267,0,0.15,4
207,753,49500,0.86267,0,0.15,4
208,754,49500,0.86267,0,0.15,4
209,755,49500,0.86267,0,0.15,4
210,756,49500,0.86267,0,0.15,4
211,757,49500,0.86267,0,0.15,4
212,758,49500,0.86267,0,0.15,4
213,759,49500,0.86267,0,0.15,4
214,760,49500,0.86267,0,0.15,4
215,761,49500,0.86267,0,0.15,4
216,762,49500,0.86267,0,0.15,4
217,763,49500,0.86267,0,0.15,4
218,764,49500,0.86267,0,0.15,4
219,765,49500,0.86267,0,0.15,4
220,766,49500,0.86267,0,0.15,4
221,767,49500,0.86267,0,0.15,4
222,768,49500,0.86267,0,0.15,4
223,769,49500,0.86267,0,0.15,4
224,770,49500,0.86267,0,0.15,4
225,771,49500,0.86267,0,0.15,4
226,772,49500,0.86267,0,0.15,4
227,773,49500,0.86267,0,0.15,4
228,774,49500,0.86267,0,0.15,4
229,775,49500,0.86267,0,0.15,4
230,776,49500,0.86267,0,0.15,4
231,777,49500,0.86267,0,0.15,4
232,778,49500,0.86267,0,0.15,4
233,779,49500,0.86267,0,0.15,4
234,780,49500,0.86267,0,0.15,4
235,781,49500,0.86267,0,0.15,4
236,782,49500,0.86267,0,0.15,4
237,783,49500,0.86267,0,0.15,4
238,784,49500,0.86267,0,0.15,4
239,785,49500,0.86267,0,0.15,4
240,786,49500,0.86267,0,0.15,4
241,787,49500,0.86267,0,0.15,4
242,788,49500,0.86267,0,0.15,4
243,789,49500,0.86267,0,0.15,4
244,790,49500,0.86267,0,0.15,4
245,791,49500,0.86267,0,0.15,4
246,792,49500,0.86267,0,0.15,4
247,793,49500,0.86267,0,0.15,4
248,794,49500,0.86267,0,0.15,4
249,795,49500,0.86267,0,0.15,4
250,796,49500,0.86267,0,0.15,4
251,797,49500,0.86267,0,0.15,4
252,798,49500,0.86267,0,0.15,4
253,799,49500,0.86267,0,0.15,4
254,800,49500,0.86267,0,0.15,4
255,801,49500,0.86267,0,0.15,4
256,802,49500,0.86267,0,0.15,4
257,803,49500,0.86267,0,0.15,4
258,804,49500,0.86267,0,0.15,4
259,805,49500,0.86267,0,0.15,4
260,806,49500,0.86267,0,0.15,4
261,807,49500,0.86267,0,0.15,4
262,808,49500,0.86267,0,0.15,4
263,809,49500,0.86267,0,0.15,4
264,810,49500,0.86267,0,0.15,4
265,811,49500,0.86267,0,0.15,4
266,812,49500,0.86267,0,0.15,4
267,813,49500,0.86267,0,0.15,4
268,814,49500,0.86267,0,0.15,4
269,815,49500,0.86267,0,0.15,4
270,816,49500,0.86267,0,0.15,4
271,817,49500,0.86267,0,0.15,4
272,818,49500,0.86267,0,0.15,4
273,819,49500,0.86267,0,0.15,4
274,820,49500,0.86267,0,0.15,4
275,821,49500,0.86267,0,0.15,4
276,822,49500,0.86267,0,0.15,4
277,823,49500,0.86267,0,0.15,4
278,824,49500,0.86267,0,0.15,4
279,825,49500,0.86267,0,0.15,4
280,826,49500,0.86267,0,0.15,4
281,827,49500,0.86267,0,0.15,4
282,828,49500,0.86267,0,0.15,4
283,829,49500,0.86267,0,0.15,4
284,830,49500,0.86267,0,0.15,4
285,831,49500,0.86267,0,0.15,4
286,832,49500,0.86267,0,0.15,4
287,833,49500,0.86267,0,0.15,4
288,834,49500,0.86267,0,0.15,4
289,835,49500,0.86267,0,0.15,4
290,836,49500,0.86267,0,0.15,4
291,837,49500,0.86267,0,0.15,4
292,838,49500,0.86267,0,0.15,4
293,839,49500,0.86267,0,0.15,4
294,840,49500,0.86267,0,0.15,4
295,841,49500,0.86267,0,0.15,4
296,842,49500,0.86267,0,0.15,4
297,843,49500,0.86267,0,0.15,4
298,844,49500,0.86267,0,0.15,4
299,845,49500,0.86267,0,0.15,4
300,846,49500,0.86267,0,0.15,4
301,847,49500,0.86267,0,0.15,4
302,848,49500,0.86267,0,0.15,4
303,849,49500,0.86267,0,0.15,4
304,850,49500,0.86267,0,0.15,4
305,851,49500,0.86267,0,0.15,4
306,852,49500,0.86267,0,0.15,4
307,853,49500,0.86267,0,0.15,4
308,854,49500,0.86267,0,0.15,4
309,855,49500,0.86267,0,0.15,4
310,856,49500,0.86267,0,0.15,4
311,857,49500,0.86267,0,0.15,4
312,858,49500,0.86267,0,0.15,4
313,859,49500,0.86267,0,0.15,4
314,860,49500,0.86267,0,0.15,4
315,861,49500,0.86267,0,0.15,4
316,862,49500,0.86267,0,0.15,4
317,863,49500,0.86267,0,0.15,4
318,864,49500,0.86267,0,0.15,4
319,865,49500,0.86267,0,0.15,4
320,866,49500,0.86267,0,0.15,4
321,867,49500,0.86267,0,0.15,4
322,868,49500,0.86267,0,0.15,4
323,869,49500,0.86267,0,0.15,4
324,870,49500,0.86267,0,0.15,4
325,871,49500,0.86267,0,0.15,4
326,872,49500,0.86267,0,0.15,4
327,873,49500,0.86267,0,0.15,4
328,874,49500,0.86267,0,0.15,4
329,875,49500,0.86267,0,0.15,4
330,876,49500,0.86267,0,0.15,4
331,877,49500,0.86267,0,0.15,4
332,878,49500,0.86267,0,0.15,4
333,879,49500,0.86267,0,0.15,4
334,880,49500,0.86267,0,0.15,4
335,881,49500,0.86267,0,0.15,4
336,882,49500,0.86267,0,0.15,4
337,883,49500,0.86267,0,0.15,4
338,884,49500,0.86267,0,0.15,4
339,885,49500,0.86267,0,0.15,4
340,886,49500,0.86267,0,0.15,4
341,887,49500,0.86267,0,0.15,4
342,888,49500,0.86267,0,0.15,4
343,889,49500,0.86267,0,0.15,4
344,890,49500,0.86267,0,0.15,4
345,891,49500,0.86267,0,0.15,4
346,892,49500,0.86267,0,0.15,4
347,893,49500,0.86267,0,0.15,4
348,894,49500,0.86267,0,0.15,4
349,895,49500,0.86267,0,0.15,4
350,896,49500,0.86267,0,0.15,4
351,897,49500,0.86267,0,0.15,4
352,898,49500,0.86267,0,0.15,4
353,899,49500,0.86267,0,0.15,4
354,900,49500,0.86267,0,0.15,4
355,901,49500,0.86267,0,0.15,4
356,902,49500,0.86267,0,0.15,4
357,903,49500,0.86267,0,0.15,4
358,904,49500,0.86267,0,0.15,4
359,905,49500,0.86267,0,0.15,4
360,906,49500,0.86267,0,0.15,4
361,907,49500,0.86267,0,0.15,4
362,908,49500,0.86267,0,0.15,4
363,909,49500,0.86267,0,0.15,4
364,910,49500,0.86267,0,0.15,4
365,911,49500,0.86267,0,0.15,4
366,912,49500,0.86267,0,0.15,4
367,913,49500,0.86267,0,0.15,4
368,914,49500,0.86267,0,0.15,4
369,915,49500,0.86267,0,0.15,4
370,916,49500,0.86267,0,0.15,4
371,917,49500,0.86267,0,0.15,4
372,918,49500,0.86267,0,0.15,4
373,919,49500,0.86267,0,0.15,4
374,920,49500,0.86267,0,0.15,4
375,921,49500,0.86267,0,0.15,4
376,922,49500,0.86267,0,0.15,4
377,923,49500,0.86267,0,0.15,4
378,924,49500,0.86267,0,0.15,4
379,925,49500,0.86267,0,0.15,4
380,926,49500,0.86267,0,0.15,4
381,927,49500,0.86267,0,0.15,4
382,928,49500,0.86267,0,0.15,4
383,929,49500,0.86267,0,0.15,4
384,930,49500,0.86267,0,0.15,4
385,931,49500,0.86267,0,0.15,4
386,932,49500,0.86267,0,0.15,4
387,933,49500,0.86267,0,0.15,4
388,390,3500,12.0468,11.09,0.15,4
388,391,3500,6.35718,5.98,0.15,4
388,708,2000,1.81366,2.9,0.15,4
388,802,2000,4.42618,4.78,0.15,4
389,390,1000,4.70056,4.34,0.15,4
389,801,2500,7.50969,9.58,0.15,4
389,914,2500,3.3019,3.96,0.15,4
390,388,3500,12.0468,11.09,0.15,4
390,389,1000,4.70056,4.34,0.15,4
390,925,3500,7.06021,6.93,0.15,4
391,388,3500,6.35718,5.98,0.15,4
391,392,3500,4.5587,4.22,0.15,4
391,709,3000,1.26933,0.53,0.15,4
391,715,3000,4.71637,6.36,0.15,4
392,391,3500,4.5587,4.22,0.15,4
392,393,3500,2.70059,2.55,0.15,4
392,713,1000,1.675,1.05,0.15,4
392,717,1000,1.60466,2.98,0.15,4
393,392,3500,2.70059,2.55,0.15,4
393,394,5000,3.1116,3.42,0.15,4
393,712,3500,2.70953,2.62,0.15,4
393,716,3500,0.61304,1.87,0.15,4
394,393,5000,3.1116,3.42,0.15,4
394,395,5000,2.25782,2.42,0.15,4
394,584,500,4.77245,4.97,0.15,4
394,601,500,0.56239,1.75,0.15,4
395,394,5000,2.25782,2.42,0.15,4
395,396,5000,3.35722,3.65,0.15,4
395,584,3500,3.87386,3.88,0.15,4
395,600,3500,0.82969,1.36,0.15,4
396,395,5000,3.35722,3.65,0.15,4
396,397,5000,1.95295,2.11,0.15,4
397,396,5000,1.95295,2.11,0.15,4
397,398,5000,2.17728,2.36,0.15,4
397,588,3000,2.501,3.02,0.15,4
397,604,3000,1.10476,1.28,0.15,4
398,397,5000,2.17728,2.36,0.15,4
398,399,5000,0.62803,0.72,0.15,4
398,400,6500,1.95581,2.11,0.15,4
398,403,8000,2.806,3.06,0.15,4
399,398,5000,0.62803,0.72,0.15,4
399,537,5000,3.93438,4.28,0.15,4
399,604,7000,1.69926,3.32,0.15,4
399,609,7000,1.364,0.88,0.15,4
400,398,6500,1.95581,2.11,0.15,4
400,401,5000,3.45553,4.09,0.15,4
400,587,500,1.00973,0.88,0.15,4
400,609,500,2.50769,6.72,0.15,4
401,400,5000,3.45553,4.09,0.15,4
401,402,5000,1.5004,1.69,0.15,4
401,585,6000,1.00047,1.7,0.15,4
401,590,6000,2.22043,1.81,0.15,4
402,401,5000,1.5004,1.69,0.15,4
403,398,8000,2.806,3.06,0.15,4
403,404,6500,3.00452,3.26,0.15,4
403,606,1500,1.20311,2.84,0.15,4
403,611,1500,1.92899,2.07,0.15,4
404,403,6500,3.00452,3.26,0.15,4
404,405,5000,0.91703,1.05,0.15,4
404,675,5500,1.54319,3.14,0.15,4
404,680,5500,1.61045,1.27,0.15,4
405,404,5000,0.91703,1.05,0.15,4
405,406,5000,2.18666,2.53,0.15,4
405,488,5000,0.95285,1.01,0.15,4
406,405,5000,2.18666,2.53,0.15,4
406,407,5000,3.05061,3.31,0.15,4
406,677,3000,0.82067,2,0.15,4
406,682,3000,2.20446,2.45,0.15,4
407,406,5000,3.05061,3.31,0.15,4
407,408,5000,2.94384,3.25,0.15,4
407,687,6500,0.82067,1.71,0.15,4
407,692,6500,2.45596,2.47,0.15,4
408,407,5000,2.94384,3.25,0.15,4
408,409,5000,1.91447,2.17,0.15,4
408,689,2000,1.04948,2.19,0.15,4
408,694,2000,2.10339,2.11,0.15,4
409,408,5000,1.91447,2.17,0.15,4
409,410,5000,3.58034,3.93,0.15,4
409,538,5000,1.40829,1.47,0.15,4
409,539,5000,2.55473,2.86,0.15,4
410,409,5000,3.58034,3.93,0.15,4
410,411,3500,2.99149,2.72,0.15,4
410,690,2000,2.81196,2.9,0.15,4
410,700,2000,0.63686,1.09,0.15,4
411,410,3500,2.99149,2.72,0.15,4
411,412,3500,2.93815,2.73,0.15,4
411,685,6000,2.91909,3.04,0.15,4
411,695,6000,0.63686,1.04,0.15,4
412,411,3500,2.93815,2.73,0.15,4
412,413,3500,2.87283,2.61,0.15,4
413,412,3500,2.87283,2.61,0.15,4
413,414,3500,2.80865,2.62,0.15,4
413,730,4000,3.17024,3.35,0.15,4
413,734,4000,0.62208,0.65,0.15,4
414,413,3500,2.80865,2.62,0.15,4
414,415,3500,4.37375,4.1,0.15,4
414,731,3500,3.20061,3.29,0.15,4
414,735,3500,0.63686,0.54,0.15,4
415,414,3500,4.37375,4.1,0.15,4
415,416,3500,6.15496,5.67,0.15,4
415,727,3500,4.24465,4.8,0.15,4
415,733,3500,1.75633,3.01,0.15,4
416,415,3500,6.15496,5.67,0.15,4
416,417,3500,5.59407,5.15,0.15,4
416,726,2000,2.04509,1.54,0.15,4
416,732,2000,3.95137,5.28,0.15,4
417,416,3500,5.59407,5.15,0.15,4
417,732,3500,8.19718,9.84,0.15,4
417,913,3500,3.12711,3.45,0.15,4
417,926,3500,6.52016,6.29,0.15,4
418,419,5000,5.50658,5.27,0.15,4
418,921,2000,2.33798,3.86,0.15,4
418,922,2000,4.25297,4.77,0.15,4
418,923,5000,10.3917,8.98,0.15,4
419,418,5000,5.50658,5.27,0.15,4
419,420,5000,4.81398,4.47,0.15,4
419,739,1500,3.41273,5.07,0.15,4
419,743,1500,1.62768,1.44,0.15,4
420,419,5000,4.81398,4.47,0.15,4
420,421,5000,2.97089,3.29,0.15,4
420,751,3000,2.501,2.57,0.15,4
420,752,3000,0.90683,1.68,0.15,4
421,420,5000,2.97089,3.29,0.15,4
421,422,5000,3.25194,3.53,0.15,4
421,753,2000,1.47413,0.94,0.15,4
421,754,2000,1.83508,2.86,0.15,4
422,421,5000,3.25194,3.53,0.15,4
422,423,5000,2.80865,3.11,0.15,4
422,762,1000,0.61,0.87,0.15,4
422,766,1000,3.05061,3.61,0.15,4
423,422,5000,2.80865,3.11,0.15,4
423,424,5000,3.09902,3.43,0.15,4
423,764,1000,0.69551,0.6,0.15,4
423,767,1000,3.49621,4.08,0.15,4
424,423,5000,3.09902,3.43,0.15,4
424,425,5000,3.06764,3.31,0.15,4
424,773,1000,0.682,1.3,0.15,4
424,777,1000,3.32995,3.72,0.15,4
425,424,5000,3.06764,3.31,0.15,4
425,426,5000,1.53594,1.71,0.15,4
425,775,2000,1.47539,2.62,0.15,4
425,779,2000,1.73609,1.48,0.15,4
426,425,5000,1.53594,1.71,0.15,4
426,427,3500,0.9548,1.11,0.15,4
426,441,5000,4.40258,4.82,0.15,4
427,426,3500,0.9548,1.11,0.15,4
427,428,3500,3.24219,3.5,0.15,4
427,594,7000,0.7446,1.43,0.15,4
427,779,7000,2.57432,2.65,0.15,4
428,427,3500,3.24219,3.5,0.15,4
428,429,3500,0.682,0.78,0.15,4
428,431,5000,0.9548,1.04,0.15,4
429,428,3500,0.682,0.78,0.15,4
429,430,3500,0.60078,0.63,0.15,4
429,593,6500,1.00047,2.39,0.15,4
429,778,6500,2.39692,2.77,0.15,4
430,429,3500,0.60078,0.63,0.15,4
431,428,5000,0.9548,1.04,0.15,4
431,432,5000,3.22089,3.52,0.15,4
431,593,4000,0.682,1.27,0.15,4
431,597,4000,2.42854,2.91,0.15,4
432,431,5000,3.22089,3.52,0.15,4
432,433,5000,2.37978,2.62,0.15,4
432,595,4500,1.66609,3.16,0.15,4
432,599,4500,1.56355,1.33,0.15,4
433,432,5000,2.37978,2.62,0.15,4
433,434,5000,2.01208,2.35,0.15,4
433,616,9500,2.79936,3.4,0.15,4
433,617,9500,0.76433,1.5,0.15,4
434,433,5000,2.01208,2.35,0.15,4
434,435,5000,2.60592,3.07,0.15,4
434,618,9000,3.17024,4.12,0.15,4
434,619,9000,0.63686,0.65,0.15,4
435,434,5000,2.60592,3.07,0.15,4
435,436,5000,1.78575,1.92,0.15,4
435,552,4500,1.30973,0.89,0.15,4
435,554,4500,1.76057,3.93,0.15,4
436,435,5000,1.78575,1.92,0.15,4
436,437,5000,2.75582,3.08,0.15,4
436,496,9000,0.95285,1.02,0.15,4
437,436,5000,2.75582,3.08,0.15,4
437,438,5000,3.79967,4.14,0.15,4
437,554,4000,1.037,0.62,0.15,4
437,556,4000,3.32156,7.18,0.15,4
438,437,5000,3.79967,4.14,0.15,4
438,439,5000,2.196,2.4,0.15,4
438,535,6500,7.09097,8.17,0.15,4
438,536,5000,1.85925,2.11,0.15,4
438,540,3500,1.50659,1.68,0.15,4
439,438,5000,2.196,2.4,0.15,4
439,440,5000,2.318,2.53,0.15,4
439,614,6000,2.33798,2.72,0.15,4
439,615,6000,0.7764,1.94,0.15,4
440,439,5000,2.318,2.53,0.15,4
440,441,5000,2.44076,2.63,0.15,4
440,612,2000,2.33798,2.64,0.15,4
440,613,2000,0.86267,1.88,0.15,4
441,426,5000,4.40258,4.82,0.15,4
441,440,5000,2.44076,2.63,0.15,4
441,591,6000,1.87122,3.19,0.15,4
441,596,6000,1.30973,0.72,0.15,4
442,443,3500,3.9287,3.59,0.15,4
442,898,500,6.25094,6.49,0.15,4
442,899,500,1.5444,2.78,0.15,4
442,929,3500,32.8818,6.31,0.15,4
443,442,3500,3.9287,3.59,0.15,4
443,444,3500,4.52881,4.45,0.15,4
443,897,500,1.00973,1.3,0.15,4
443,898,500,3.82164,3.98,0.15,4
444,443,3500,4.52881,4.45,0.15,4
444,445,3500,5.42934,5,0.15,4
445,444,3500,5.42934,5,0.15,4
445,446,3500,6.81154,6.27,0.15,4
445,885,1000,4.73644,6.37,0.15,4
445,886,1000,1.64248,1.05,0.15,4
446,445,3500,6.81154,6.27,0.15,4
446,447,3500,6.28774,5.78,0.15,4
446,858,8500,1.41882,2.41,0.15,4
446,859,8500,4.74469,5.21,0.15,4
447,446,3500,6.28774,5.78,0.15,4
447,448,3500,4.3224,3.98,0.15,4
447,848,4000,3.81335,5.59,0.15,4
447,849,4000,2.16185,1.87,0.15,4
448,447,3500,4.3224,3.98,0.15,4
448,449,5000,2.989,3.28,0.15,4
448,664,3500,2.75245,2.78,0.15,4
448,665,3500,0.65699,1.17,0.15,4
449,448,5000,2.989,3.28,0.15,4
449,450,5000,1.83,2,0.15,4
449,662,2000,2.63362,2.91,0.15,4
449,663,2000,0.682,1.41,0.15,4
450,449,5000,1.83,2,0.15,4
450,451,5000,1.30973,1.44,0.15,4
450,453,5000,4.05593,4.56,0.15,4
450,508,5000,3.51955,3.8,0.15,4
451,450,5000,1.30973,1.44,0.15,4
451,452,5000,2.00095,2.18,0.15,4
451,654,5000,2.00652,1.81,0.15,4
451,655,5000,1.2276,2.48,0.15,4
452,451,5000,2.00095,2.18,0.15,4
452,525,5000,2.15668,2.32,0.15,4
452,652,7000,2.16185,2.17,0.15,4
452,654,7000,1.13467,2.28,0.15,4
453,450,5000,4.05593,4.56,0.15,4
453,454,3500,9.13311,10.27,0.15,4
453,650,500,2.62016,2.82,0.15,4
453,841,500,0.7446,1.48,0.15,4
454,453,3500,9.13311,10.27,0.15,4
454,455,3500,2.99894,3.23,0.15,4
454,838,3000,1.98695,1.93,0.15,4
454,840,3000,1.20311,2.45,0.15,4
455,454,3500,2.99894,3.23,0.15,4
455,456,3500,2.92864,2.7,0.15,4
455,833,3000,2.14543,2.7,0.15,4
455,835,3000,1.18441,2.85,0.15,4
456,455,3500,2.92864,2.7,0.15,4
456,457,3500,3.18429,2.93,0.15,4
456,834,5500,1.96908,2.01,0.15,4
456,836,5500,1.13467,2.41,0.15,4
457,456,3500,3.18429,2.93,0.15,4
457,458,3500,1.58248,1.5,0.15,4
457,829,1000,3.05061,3.65,0.15,4
457,831,1000,0.682,0.72,0.15,4
458,457,3500,1.58248,1.5,0.15,4
458,459,5000,1.3708,1.43,0.15,4
458,467,3500,5.6173,5.17,0.15,4
458,468,3500,3.08879,2.91,0.15,4
459,458,5000,1.3708,1.43,0.15,4
459,460,3500,5.04681,4.66,0.15,4
459,832,2000,1.27372,1.27,0.15,4
459,845,2000,3.63808,7.72,0.15,4
460,459,3500,5.04681,4.66,0.15,4
460,461,3500,6.78445,6.3,0.15,4
460,872,3500,4.80508,5.86,0.15,4
460,875,3500,1.09969,2.21,0.15,4
461,460,3500,6.78445,6.3,0.15,4
461,462,3500,5.79725,5.39,0.15,4
461,874,2000,2.42854,2.35,0.15,4
461,877,2000,3.93675,5.87,0.15,4
462,461,3500,5.79725,5.39,0.15,4
462,873,1500,3.26108,3.45,0.15,4
462,876,1500,2.74025,4.35,0.15,4
462,927,3500,7.7268,7.78,0.15,4
463,464,3500,4.16322,3.9,0.15,4
463,928,3500,16.654,15.96,0.15,4
464,463,3500,4.16322,3.9,0.15,4
464,465,3500,7.80824,7.21,0.15,4
464,883,2000,2.78804,3.92,0.15,4
464,884,2000,3.36165,3.18,0.15,4
465,464,3500,7.80824,7.21,0.15,4
465,466,3500,6.00285,5.74,0.15,4
465,862,3500,4.47426,4.5,0.15,4
465,881,3500,1.54319,2.48,0.15,4
466,465,3500,6.00285,5.74,0.15,4
466,467,3500,5.7353,5.33,0.15,4
466,855,5000,2.10339,1.67,0.15,4
466,862,5000,3.97203,5.4,0.15,4
467,458,3500,5.6173,5.17,0.15,4
467,466,3500,5.7353,5.33,0.15,4
467,845,2500,2.20446,2.09,0.15,4
467,855,2500,3.79232,5.88,0.15,4
468,458,3500,3.08879,2.91,0.15,4
468,469,3500,3.18429,2.92,0.15,4
468,829,2500,1.66609,1.33,0.15,4
468,830,2500,1.50659,2.85,0.15,4
469,468,3500,3.18429,2.92,0.15,4
469,470,3500,2.94384,2.73,0.15,4
469,819,3000,0.65982,0.34,0.15,4
469,824,3000,3.54115,4.01,0.15,4
470,469,3500,2.94384,2.73,0.15,4
470,471,3500,4.14441,4.12,0.15,4
470,817,1000,0.61304,0.74,0.15,4
470,822,1000,3.19596,3.36,0.15,4
471,470,3500,4.14441,4.12,0.15,4
471,472,3500,3.17259,2.92,0.15,4
471,815,3000,3.24219,3.84,0.15,4
471,816,3000,0.65699,0.61,0.15,4
472,471,3500,3.17259,2.92,0.15,4
472,473,5000,1.5552,1.75,0.15,4
472,813,3000,1.87122,1.39,0.15,4
472,815,3000,1.4461,2.22,0.15,4
473,472,5000,1.5552,1.75,0.15,4
473,474,5000,2.98962,3.23,0.15,4
473,475,5000,2.92355,3.17,0.15,4
473,707,1000,3.85219,4.39,0.15,4
473,813,1000,0.7446,1.44,0.15,4
474,473,5000,2.98962,3.23,0.15,4
474,538,5000,2.99149,3.32,0.15,4
474,701,3500,0.82067,1.73,0.15,4
474,706,3500,2.41317,2.45,0.15,4
475,473,5000,2.92355,3.17,0.15,4
475,476,5000,1.52866,1.68,0.15,4
475,706,3500,2.51953,3.08,0.15,4
475,707,3500,1.17811,1.74,0.15,4
476,475,5000,1.52866,1.68,0.15,4
476,477,5000,3.38371,3.71,0.15,4
476,705,3500,2.28404,2.02,0.15,4
476,707,3500,1.18441,2.79,0.15,4
477,476,5000,3.38371,3.71,0.15,4
477,478,6500,2.29704,2.53,0.15,4
477,503,6500,0.793,0.88,0.15,4
477,504,6500,0.87339,0.95,0.15,4
478,477,6500,2.29704,2.53,0.15,4
478,479,6500,3.01935,3.24,0.15,4
478,633,5500,1.97097,1.91,0.15,4
478,703,5500,1.31398,2.69,0.15,4
479,478,6500,3.01935,3.24,0.15,4
479,480,6500,1.17336,1.32,0.15,4
479,629,3000,2.23796,2.12,0.15,4
479,693,3000,0.96449,1.88,0.15,4
480,479,6500,1.17336,1.32,0.15,4
480,481,5000,1.29401,1.41,0.15,4
480,483,5000,1.525,1.68,0.15,4
480,484,5000,1.80131,2.13,0.15,4
480,486,6500,1.89493,2.03,0.15,4
481,480,5000,1.29401,1.41,0.15,4
481,482,5000,0.488,0.54,0.15,4
481,483,6500,1.09969,1.67,0.15,4
481,691,6500,2.30915,2.42,0.15,4
482,481,5000,0.488,0.54,0.15,4
483,480,5000,1.525,1.68,0.15,4
483,481,6500,1.09969,1.67,0.15,4
483,539,5000,3.07733,3.33,0.15,4
483,693,6500,0.682,0.5,0.15,4
484,480,5000,1.80131,2.13,0.15,4
484,485,5000,2.98962,3.26,0.15,4
484,627,6000,1.73609,1.98,0.15,4
484,629,6000,1.52866,3.65,0.15,4
485,484,5000,2.98962,3.26,0.15,4
485,489,5000,2.44,2.66,0.15,4
485,626,6500,1.75633,1.68,0.15,4
485,628,6500,1.364,2.84,0.15,4
486,480,6500,1.89493,2.03,0.15,4
486,535,6500,0.25151,0.29,0.15,4
486,627,6500,2.10339,2.22,0.15,4
486,691,6500,1.06706,2.4,0.15,4
487,488,5000,2.4039,2.65,0.15,4
487,535,6500,3.49621,4.12,0.15,4
487,681,3000,1.64248,1.36,0.15,4
487,682,3000,1.50659,3.04,0.15,4
488,405,5000,0.95285,1.01,0.15,4
488,487,5000,2.4039,2.65,0.15,4
488,680,2500,2.29623,2.97,0.15,4
488,682,2500,1.01524,2.77,0.15,4
489,485,5000,2.44,2.66,0.15,4
489,490,6500,0.9779,1.06,0.15,4
489,630,3500,1.72534,2.68,0.15,4
489,631,3500,1.769,4.23,0.15,4
490,489,6500,0.9779,1.06,0.15,4
490,491,6500,2.39847,2.61,0.15,4
490,557,5000,2.43542,3.59,0.15,4
490,631,5000,1.19846,3.8,0.15,4
491,490,6500,2.39847,2.61,0.15,4
491,492,6500,2.63432,2.84,0.15,4
491,558,6500,2.34672,3.2,0.15,4
491,559,6500,0.73707,0.6,0.15,4
492,491,6500,2.63432,2.84,0.15,4
492,493,6500,0.99301,1.37,0.15,4
492,561,9000,2.19685,3.09,0.15,4
492,562,9000,0.73707,0.49,0.15,4
493,492,6500,0.99301,1.37,0.15,4
493,494,6500,1.9096,2.24,0.15,4
493,497,6500,1.40829,1.94,0.15,4
493,562,14500,0.57547,1.26,0.15,4
493,564,14500,1.82797,1.37,0.15,4
494,493,6500,1.9096,2.24,0.15,4
494,495,9000,2.58801,2.81,0.15,4
494,561,10000,0.67377,1,0.15,4
494,563,10000,2.20446,2.33,0.15,4
495,494,9000,2.58801,2.81,0.15,4
495,496,9000,2.37274,2.56,0.15,4
495,551,7000,3.26962,4.69,0.15,4
495,560,7000,0.61304,0.94,0.15,4
496,436,9000,0.95285,1.02,0.15,4
496,495,9000,2.37274,2.56,0.15,4
496,553,6000,1.46907,1.3,0.15,4
496,556,6000,0.9836,3.71,0.15,4
497,493,6500,1.40829,1.94,0.15,4
497,498,6500,0.5787,0.66,0.15,4
498,497,6500,0.5787,0.66,0.15,4
498,499,5000,1.25755,1.34,0.15,4
498,533,6500,1.2276,1.61,0.15,4
499,498,5000,1.25755,1.34,0.15,4
499,500,5000,2.60592,2.84,0.15,4
499,567,12500,1.525,1.56,0.15,4
499,569,12500,1.04948,2.32,0.15,4
500,499,5000,2.60592,2.84,0.15,4
500,501,5000,3.30809,3.61,0.15,4
500,566,4500,1.54319,1.82,0.15,4
500,570,4500,0.671,1.36,0.15,4
501,500,5000,3.30809,3.61,0.15,4
501,502,5000,3.19188,3.49,0.15,4
501,571,5500,1.12478,2.49,0.15,4
501,636,5500,1.06706,0.62,0.15,4
502,501,5000,3.19188,3.49,0.15,4
502,503,6500,3.32995,3.87,0.15,4
502,632,1500,1.64248,1.67,0.15,4
502,634,1500,1.586,3.91,0.15,4
503,477,6500,0.793,0.88,0.15,4
503,502,6500,3.32995,3.87,0.15,4
503,504,7000,0.366,0.52,0.15,4
503,633,7000,3.05061,3.5,0.15,4
504,477,6500,0.87339,0.95,0.15,4
504,503,7000,0.366,0.52,0.15,4
504,505,6500,3.22839,3.51,0.15,4
504,635,7000,0.71138,0.45,0.15,4
505,504,6500,3.22839,3.51,0.15,4
505,506,6500,2.2338,2.42,0.15,4
505,634,6000,1.79406,1.48,0.15,4
505,639,6000,1.39235,2.42,0.15,4
506,505,6500,2.2338,2.42,0.15,4
506,507,5000,3.58034,3.92,0.15,4
506,639,5000,0.86267,1.8,0.15,4
506,644,5000,2.41317,2.59,0.15,4
507,506,5000,3.58034,3.92,0.15,4
507,508,5000,7.0739,7.86,0.15,4
507,578,1500,5.15657,8.09,0.15,4
507,646,1500,0.2728,1.51,0.15,4
508,450,5000,3.51955,3.8,0.15,4
508,507,5000,7.0739,7.86,0.15,4
508,509,5000,1.89198,2.41,0.15,4
509,508,5000,1.89198,2.41,0.15,4
509,510,5000,2.98962,3.24,0.15,4
509,659,5000,1.09969,0.59,0.15,4
509,667,5000,2.16185,5.05,0.15,4
510,509,5000,2.98962,3.24,0.15,4
510,511,5000,0.244,0.3,0.15,4
510,658,4000,1.04948,0.37,0.15,4
510,666,4000,2.22043,4.08,0.15,4
511,510,5000,0.244,0.3,0.15,4
511,512,5000,2.074,2.21,0.15,4
511,521,5000,2.86765,3.12,0.15,4
511,522,5000,4.27174,4.7,0.15,4
512,511,5000,2.074,2.21,0.15,4
512,513,5000,3.42959,3.73,0.15,4
512,661,2000,1.09969,0.58,0.15,4
512,670,2000,3.42144,7.48,0.15,4
513,512,5000,3.42959,3.73,0.15,4
513,514,5000,4.8861,5.31,0.15,4
513,902,3500,3.14017,3.59,0.15,4
513,905,3500,5.8981,9.12,0.15,4
514,513,5000,4.8861,5.31,0.15,4
514,515,5000,4.02785,4.43,0.15,4
514,903,3000,2.56273,2.61,0.15,4
514,905,3000,6.71693,11.27,0.15,4
515,514,5000,4.02785,4.43,0.15,4
515,516,5000,5.28768,5.77,0.15,4
515,534,3500,1.49543,1.61,0.15,4
515,544,3500,0.305,0.29,0.15,4
515,932,5000,10.4426,5.93,0.15,4
516,515,5000,5.28768,5.77,0.15,4
516,517,3500,6.58828,6.07,0.15,4
516,903,6000,7.21375,8.96,0.15,4
516,906,6000,1.11981,1.62,0.15,4
517,516,3500,6.58828,6.07,0.15,4
517,518,3500,7.19102,6.64,0.15,4
517,908,2500,1.64248,2.55,0.15,4
517,909,2500,4.31335,4.39,0.15,4
518,517,3500,7.19102,6.64,0.15,4
518,911,3500,3.62732,5.26,0.15,4
518,912,3500,2.16614,1.64,0.15,4
518,930,3500,38.3558,9.32,0.15,4
519,520,5000,0.682,0.75,0.15,4
519,521,5000,2.50769,2.72,0.15,4
519,668,2000,0.35569,0.64,0.15,4
519,670,2000,3.21048,3.14,0.15,4
520,519,5000,0.682,0.75,0.15,4
521,511,5000,2.86765,3.12,0.15,4
521,519,5000,2.50769,2.72,0.15,4
521,666,1500,0.793,0.55,0.15,4
521,670,1500,2.728,3.93,0.15,4
522,511,5000,4.27174,4.7,0.15,4
522,523,5000,5.70472,7.31,0.15,4
523,522,5000,5.70472,7.31,0.15,4
523,530,5000,2.074,2.24,0.15,4
523,545,5000,0.061,0.12,0.15,4
524,525,5000,2.94447,3.24,0.15,4
524,545,5000,3.715,4.42,0.15,4
524,578,5500,2.74568,4.67,0.15,4
524,647,5500,0.80233,1.58,0.15,4
525,452,5000,2.15668,2.32,0.15,4
525,524,5000,2.94447,3.24,0.15,4
525,652,5000,1.06706,2.57,0.15,4
525,657,5000,2.23796,2.51,0.15,4
526,527,3500,5.36835,6.01,0.15,4
526,528,5000,8.59494,9.84,0.15,4
526,541,3500,0.43988,0.44,0.15,4
526,546,3500,2.93815,3.23,0.15,4
527,526,3500,5.36835,6.01,0.15,4
527,542,3500,0.61304,0.65,0.15,4
527,543,3500,3.66203,3.97,0.15,4
527,546,3500,3.24678,4.24,0.15,4
528,526,5000,8.59494,9.84,0.15,4
528,529,6500,1.30546,1.43,0.15,4
528,573,4000,2.39148,5.67,0.15,4
528,575,4000,1.14609,0.88,0.15,4
529,528,6500,1.30546,1.43,0.15,4
529,530,6500,1.89493,2.05,0.15,4
529,531,6500,1.12478,1.22,0.15,4
530,523,5000,2.074,2.24,0.15,4
530,529,6500,1.89493,2.05,0.15,4
530,575,5000,2.51509,2.74,0.15,4
530,577,5000,0.8184,2.81,0.15,4
531,529,6500,1.12478,1.22,0.15,4
531,532,6500,1.403,1.65,0.15,4
531,573,3500,0.7446,3.42,0.15,4
531,574,3500,2.24957,2.95,0.15,4
532,531,6500,1.403,1.65,0.15,4
532,533,6500,1.22152,1.51,0.15,4
532,569,5000,1.45508,2.95,0.15,4
532,574,5000,1.70909,2.23,0.15,4
533,498,6500,1.2276,1.61,0.15,4
533,532,6500,1.22152,1.51,0.15,4
533,568,5000,1.4892,1.26,0.15,4
533,569,5000,0.854,2.98,0.15,4
534,515,3500,1.49543,1.61,0.15,4
534,543,3500,2.95646,3.31,0.15,4
534,933,3500,6.10762,5.96,0.15,4
535,438,6500,7.09097,8.17,0.15,4
535,486,6500,0.25151,0.29,0.15,4
535,487,6500,3.49621,4.12,0.15,4
536,438,5000,1.85925,2.11,0.15,4
536,537,5000,2.94826,3.23,0.15,4
536,615,2000,1.74784,1.52,0.15,4
537,399,5000,3.93438,4.28,0.15,4
537,536,5000,2.94826,3.23,0.15,4
537,608,5500,2.693,3.31,0.15,4
537,610,5500,0.62208,0.81,0.15,4
538,409,5000,1.40829,1.47,0.15,4
538,474,5000,2.99149,3.32,0.15,4
538,699,8000,0.71138,0.45,0.15,4
538,704,8000,3.37435,4.18,0.15,4
539,409,5000,2.55473,2.86,0.15,4
539,483,5000,3.07733,3.33,0.15,4
539,694,5000,1.15095,0.62,0.15,4
539,704,5000,2.14196,4.88,0.15,4
540,438,3500,1.50659,1.68,0.15,4
540,583,3000,0.7421,0.56,0.15,4
540,622,3000,2.046,1.75,0.15,4
541,526,3500,0.43988,0.44,0.15,4
541,582,2500,2.91335,5.76,0.15,4
541,902,2500,3.77264,8.02,0.15,4
542,527,3500,0.61304,0.65,0.15,4
542,902,10500,2.16614,4.21,0.15,4
542,903,10500,4.21298,6.14,0.15,4
543,527,3500,3.66203,3.97,0.15,4
543,534,3500,2.95646,3.31,0.15,4
543,903,3500,0.90683,1.4,0.15,4
544,515,3500,0.305,0.29,0.15,4
544,903,5000,3.28268,5.39,0.15,4
544,904,5000,2.51953,3.25,0.15,4
545,523,5000,0.061,0.12,0.15,4
545,524,5000,3.715,4.42,0.15,4
545,577,4000,1.83508,3.61,0.15,4
545,580,4000,1.10476,1.5,0.15,4
546,526,3500,2.93815,3.23,0.15,4
546,527,3500,3.24678,4.24,0.15,4
547,1,49500,0.86267,0,0.15,4
547,548,3000,1.33783,3.26,0.15,4
547,549,4500,2.38213,4.89,0.15,4
547,621,5500,1.58365,2.89,0.15,4
548,2,49500,0.86267,0,0.15,4
548,547,3000,1.33783,3.26,0.15,4
548,550,7000,2.728,5.81,0.15,4
548,552,3000,2.43542,4.49,0.15,4
548,618,7500,1.95295,3.52,0.15,4
549,3,49500,0.86267,0,0.15,4
549,547,4500,2.38213,4.89,0.15,4
549,550,5000,1.57423,3.28,0.15,4
549,551,15500,3.1104,4.21,0.15,4
550,4,49500,0.86267,0,0.15,4
550,548,7000,2.728,5.81,0.15,4
550,549,5000,1.57423,3.28,0.15,4
550,551,7000,2.85204,5.18,0.15,4
550,552,2000,3.26564,7.77,0.15,4
550,553,3500,1.84619,3.92,0.15,4
550,560,3500,2.61945,5.4,0.15,4
551,5,49500,0.86267,0,0.15,4
551,495,7000,3.26962,4.69,0.15,4
551,549,15500,3.1104,4.21,0.15,4
551,550,7000,2.85204,5.18,0.15,4
551,563,20000,2.22043,3.08,0.15,4
552,6,49500,0.86267,0,0.15,4
552,435,4500,1.30973,0.89,0.15,4
552,548,3000,2.43542,4.49,0.15,4
552,550,2000,3.26564,7.77,0.15,4
552,553,8500,2.2112,4.56,0.15,4
552,618,5000,2.65122,4.34,0.15,4
552,619,9500,3.08699,4.8,0.15,4
553,7,49500,0.86267,0,0.15,4
553,496,6000,1.46907,1.3,0.15,4
553,550,3500,1.84619,3.92,0.15,4
553,552,8500,2.2112,4.56,0.15,4
553,560,7500,2.16185,3.97,0.15,4
554,8,49500,0.86267,0,0.15,4
554,435,4500,1.76057,3.93,0.15,4
554,437,4000,1.037,0.62,0.15,4
554,614,3500,3.02427,5.04,0.15,4
554,619,2500,2.7987,4.97,0.15,4
554,622,2000,3.73248,5.79,0.15,4
554,625,7000,1.84418,3.39,0.15,4
555,9,49500,0.86267,0,0.15,4
555,556,7500,3.06339,6.36,0.15,4
555,622,4500,3.13542,4.89,0.15,4
555,624,5500,1.6116,2.68,0.15,4
555,625,13500,1.10476,1.58,0.15,4
556,10,49500,0.86267,0,0.15,4
556,437,4000,3.32156,7.18,0.15,4
556,496,6000,0.9836,3.71,0.15,4
556,555,7500,3.06339,6.36,0.15,4
556,557,6500,2.86959,5.92,0.15,4
556,560,4500,2.63362,5.63,0.15,4
556,624,1000,3.85219,9.28,0.15,4
557,11,49500,0.86267,0,0.15,4
557,490,5000,2.43542,3.59,0.15,4
557,556,6500,2.86959,5.92,0.15,4
557,558,5000,1.86624,3.99,0.15,4
557,559,5500,2.69645,5.64,0.15,4
557,624,2000,4.44966,9.25,0.15,4
557,630,8500,1.71778,3.75,0.15,4
558,12,49500,0.86267,0,0.15,4
558,491,6500,2.34672,3.2,0.15,4
558,557,5000,1.86624,3.99,0.15,4
558,560,4000,1.98695,4.03,0.15,4
558,561,10000,2.32121,4.26,0.15,4
559,13,49500,0.86267,0,0.15,4
559,491,6500,0.73707,0.6,0.15,4
559,557,5500,2.69645,5.64,0.15,4
559,562,12000,2.63432,5.66,0.15,4
559,566,7500,2.13848,4.58,0.15,4
559,631,5000,3.26564,6.1,0.15,4
560,14,49500,0.86267,0,0.15,4
560,495,7000,0.61304,0.94,0.15,4
560,550,3500,2.61945,5.4,0.15,4
560,553,7500,2.16185,3.97,0.15,4
560,556,4500,2.63362,5.63,0.15,4
560,558,4000,1.98695,4.03,0.15,4
560,561,11000,2.45899,4.38,0.15,4
561,15,49500,0.86267,0,0.15,4
561,492,9000,2.19685,3.09,0.15,4
561,494,10000,0.67377,1,0.15,4
561,558,10000,2.32121,4.26,0.15,4
561,560,11000,2.45899,4.38,0.15,4
562,16,49500,0.86267,0,0.15,4
562,492,9000,0.73707,0.49,0.15,4
562,493,14500,0.57547,1.26,0.15,4
562,559,12000,2.63432,5.66,0.15,4
562,563,500,2.37587,5.61,0.15,4
562,567,12000,1.46907,3.21,0.15,4
563,17,49500,0.86267,0,0.15,4
563,494,10000,2.20446,2.33,0.15,4
563,551,20000,2.22043,3.08,0.15,4
563,562,500,2.37587,5.61,0.15,4
563,564,24000,1.50906,2.14,0.15,4
564,18,49500,0.86267,0,0.15,4
564,493,14500,1.82797,1.37,0.15,4
564,563,24000,1.50906,2.14,0.15,4
564,565,14000,1.48419,2.16,0.15,4
565,19,49500,0.86267,0,0.15,4
565,564,14000,1.48419,2.16,0.15,4
565,568,12000,1.53594,2.08,0.15,4
565,569,6500,3.039,6.55,0.15,4
566,20,49500,0.86267,0,0.15,4
566,500,4500,1.54319,1.82,0.15,4
566,559,7500,2.13848,4.58,0.15,4
566,567,5000,2.5489,5.43,0.15,4
566,631,2000,2.89027,7.28,0.15,4
567,21,49500,0.86267,0,0.15,4
567,499,12500,1.525,1.56,0.15,4
567,562,12000,1.46907,3.21,0.15,4
567,566,5000,2.5489,5.43,0.15,4
568,22,49500,0.86267,0,0.15,4
568,533,5000,1.4892,1.26,0.15,4
568,565,12000,1.53594,2.08,0.15,4
568,574,17500,2.05779,3.08,0.15,4
569,23,49500,0.86267,0,0.15,4
569,499,12500,1.04948,2.32,0.15,4
569,532,5000,1.45508,2.95,0.15,4
569,533,5000,0.854,2.98,0.15,4
569,565,6500,3.039,6.55,0.15,4
569,570,9000,2.64067,5.59,0.15,4
569,572,3500,3.7185,7.9,0.15,4
569,573,6000,3.05549,5.09,0.15,4
570,24,49500,0.86267,0,0.15,4
570,500,4500,0.671,1.36,0.15,4
570,569,9000,2.64067,5.59,0.15,4
570,571,3000,3.50312,6.49,0.15,4
570,572,5500,2.50769,5.31,0.15,4
571,25,49500,0.86267,0,0.15,4
571,501,5500,1.12478,2.49,0.15,4
571,570,3000,3.50312,6.49,0.15,4
571,572,6000,3.08879,5.79,0.15,4
571,631,2000,3.84735,6.73,0.15,4
571,632,2500,3.22609,7.76,0.15,4
571,634,2000,3.77313,6.3,0.15,4
571,637,3500,2.14283,4.49,0.15,4
572,26,49500,0.86267,0,0.15,4
572,569,3500,3.7185,7.9,0.15,4
572,570,5500,2.50769,5.31,0.15,4
572,571,6000,3.08879,5.79,0.15,4
572,573,6500,2.63432,4.91,0.15,4
572,576,8500,2.37978,4.2,0.15,4
572,637,2500,3.62835,6.45,0.15,4
573,27,49500,0.86267,0,0.15,4
573,528,4000,2.39148,5.67,0.15,4
573,531,3500,0.7446,3.42,0.15,4
573,569,6000,3.05549,5.09,0.15,4
573,572,6500,2.63432,4.91,0.15,4
573,577,6500,2.93815,4.91,0.15,4
574,28,49500,0.86267,0,0.15,4
574,531,3500,2.24957,2.95,0.15,4
574,532,5000,1.70909,2.23,0.15,4
574,568,17500,2.05779,3.08,0.15,4
574,575,16000,2.93118,4.87,0.15,4
575,29,49500,0.86267,0,0.15,4
575,528,4000,1.14609,0.88,0.15,4
575,530,5000,2.51509,2.74,0.15,4
575,574,16000,2.93118,4.87,0.15,4
575,580,4000,3.6544,6.05,0.15,4
575,581,15000,2.62371,4.12,0.15,4
576,30,49500,0.86267,0,0.15,4
576,572,8500,2.37978,4.2,0.15,4
576,577,2000,3.03349,6.38,0.15,4
576,578,2000,3.44258,6.34,0.15,4
576,637,4000,3.25537,5.8,0.15,4
576,643,3000,1.65714,3.53,0.15,4
577,31,49500,0.86267,0,0.15,4
577,530,5000,0.8184,2.81,0.15,4
577,545,4000,1.83508,3.61,0.15,4
577,573,6500,2.93815,4.91,0.15,4
577,576,2000,3.03349,6.38,0.15,4
577,578,8000,2.51213,4.63,0.15,4
578,32,49500,0.86267,0,0.15,4
578,507,1500,5.15657,8.09,0.15,4
578,524,5500,2.74568,4.67,0.15,4
578,576,2000,3.44258,6.34,0.15,4
578,577,8000,2.51213,4.63,0.15,4
578,579,2000,3.51902,7.28,0.15,4
578,580,2500,3.05061,6.38,0.15,4
578,643,12000,2.3188,3.79,0.15,4
578,645,6000,3.14904,5.85,0.15,4
579,33,49500,0.86267,0,0.15,4
579,578,2000,3.51902,7.28,0.15,4
579,580,7500,2.56273,4.25,0.15,4
579,582,1500,3.41872,5.09,0.15,4
579,647,5500,2.26687,3.52,0.15,4
579,656,3000,3.49195,6.63,0.15,4
580,34,49500,0.86267,0,0.15,4
580,545,4000,1.10476,1.5,0.15,4
580,575,4000,3.6544,6.05,0.15,4
580,578,2500,3.05061,6.38,0.15,4
580,579,7500,2.56273,4.25,0.15,4
580,581,1000,3.6544,9.79,0.15,4
580,582,3500,3.62835,6.48,0.15,4
581,35,49500,0.86267,0,0.15,4
581,575,15000,2.62371,4.12,0.15,4
581,580,1000,3.6544,9.79,0.15,4
581,582,7500,3.66457,6.8,0.15,4
582,36,49500,0.86267,0,0.15,4
582,541,2500,2.91335,5.76,0.15,4
582,579,1500,3.41872,5.09,0.15,4
582,580,3500,3.62835,6.48,0.15,4
582,581,7500,3.66457,6.8,0.15,4
582,660,3500,4.07195,5.88,0.15,4
583,37,49500,0.86267,0,0.15,4
583,540,3000,0.7421,0.56,0.15,4
584,38,49500,0.86267,0,0.15,4
584,394,500,4.77245,4.97,0.15,4
584,395,3500,3.87386,3.88,0.15,4
584,586,4000,4.41776,6.15,0.15,4
584,588,2500,4.55503,6.06,0.15,4
584,605,1500,5.24742,8.07,0.15,4
584,710,1000,4.70926,5.72,0.15,4
584,712,2000,4.70689,7.48,0.15,4
584,768,5000,5.97831,10.15,0.15,4
584,808,500,6.26996,10.64,0.15,4
585,39,49500,0.86267,0,0.15,4
585,401,6000,1.00047,1.7,0.15,4
585,586,3000,3.05,4.01,0.15,4
585,587,6000,2.928,4.63,0.15,4
585,771,3000,3.05,3.88,0.15,4
586,40,49500,0.86267,0,0.15,4
586,584,4000,4.41776,6.15,0.15,4
586,585,3000,3.05,4.01,0.15,4
586,588,5500,2.92864,4.44,0.15,4
586,772,3000,2.86765,3.83,0.15,4
587,41,49500,0.86267,0,0.15,4
587,400,500,1.00973,0.88,0.15,4
587,585,6000,2.928,4.63,0.15,4
587,588,6000,2.989,4.73,0.15,4
587,592,6500,2.86959,5.37,0.15,4
587,604,3500,2.8922,4.12,0.15,4
588,42,49500,0.86267,0,0.15,4
588,397,3000,2.501,3.02,0.15,4
588,584,2500,4.55503,6.06,0.15,4
588,586,5500,2.92864,4.44,0.15,4
588,587,6000,2.989,4.73,0.15,4
589,43,49500,0.86267,0,0.15,4
589,590,4500,2.98962,4.48,0.15,4
589,591,5500,2.867,3.67,0.15,4
589,594,1500,2.92864,4.18,0.15,4
589,775,2500,3.172,4.97,0.15,4
590,44,49500,0.86267,0,0.15,4
590,401,6000,2.22043,1.81,0.15,4
590,589,4500,2.98962,4.48,0.15,4
590,592,10000,3.05061,4.28,0.15,4
590,776,7500,3.111,4.76,0.15,4
591,45,49500,0.86267,0,0.15,4
591,441,6000,1.87122,3.19,0.15,4
591,589,5500,2.867,3.67,0.15,4
591,592,5500,3.05244,4.61,0.15,4
591,608,3500,2.9946,5.22,0.15,4
591,613,5000,2.728,3.78,0.15,4
592,46,49500,0.86267,0,0.15,4
592,587,6500,2.86959,5.37,0.15,4
592,590,10000,3.05061,4.28,0.15,4
592,591,5500,3.05244,4.61,0.15,4
592,608,4000,2.76189,4.37,0.15,4
592,609,2500,2.81461,5.04,0.15,4
593,47,49500,0.86267,0,0.15,4
593,429,6500,1.00047,2.39,0.15,4
593,431,4000,0.682,1.27,0.15,4
593,594,6500,2.928,4.54,0.15,4
593,595,3500,2.92864,4.19,0.15,4
594,48,49500,0.86267,0,0.15,4
594,427,7000,0.7446,1.43,0.15,4
594,589,1500,2.92864,4.18,0.15,4
594,593,6500,2.928,4.54,0.15,4
594,596,3000,2.928,4.63,0.15,4
595,49,49500,0.86267,0,0.15,4
595,432,4500,1.66609,3.16,0.15,4
595,593,3500,2.92864,4.19,0.15,4
595,596,3500,2.867,4.09,0.15,4
595,612,1500,2.9784,7.06,0.15,4
595,617,2000,2.67358,4.67,0.15,4
596,50,49500,0.86267,0,0.15,4
596,441,6000,1.30973,0.72,0.15,4
596,594,3000,2.928,4.63,0.15,4
596,595,3500,2.867,4.09,0.15,4
596,612,3000,2.70127,4.23,0.15,4
596,613,500,2.9784,6.09,0.15,4
597,51,49500,0.86267,0,0.15,4
597,431,4000,2.42854,2.91,0.15,4
597,599,3500,2.89862,4.53,0.15,4
597,778,500,4.13587,10.64,0.15,4
598,52,49500,0.86267,0,0.15,4
598,599,6500,2.57432,4.25,0.15,4
598,616,2500,2.11486,4.51,0.15,4
598,620,3500,1.85825,3.95,0.15,4
599,53,49500,0.86267,0,0.15,4
599,432,4500,1.56355,1.33,0.15,4
599,597,3500,2.89862,4.53,0.15,4
599,598,6500,2.57432,4.25,0.15,4
599,616,3000,2.73141,5.88,0.15,4
599,617,1500,2.86765,4.54,0.15,4
600,54,49500,0.86267,0,0.15,4
600,395,3500,0.82969,1.36,0.15,4
600,601,1500,3.05244,3.74,0.15,4
600,602,6000,2.623,3.32,0.15,4
600,605,5000,2.86765,3.66,0.15,4
601,55,49500,0.86267,0,0.15,4
601,394,500,0.56239,1.75,0.15,4
601,600,1500,3.05244,3.74,0.15,4
601,603,1500,2.501,3.9,0.15,4
601,716,3000,2.928,5.17,0.15,4
602,56,49500,0.86267,0,0.15,4
602,600,6000,2.623,3.32,0.15,4
602,603,4000,3.05,3.82,0.15,4
602,607,3000,2.87283,4.53,0.15,4
602,671,3500,2.86959,4.72,0.15,4
603,57,49500,0.86267,0,0.15,4
603,601,1500,2.501,3.9,0.15,4
603,602,4000,3.05,3.82,0.15,4
603,672,2000,3.05061,3.78,0.15,4
603,718,1000,2.99149,3.99,0.15,4
604,58,49500,0.86267,0,0.15,4
604,397,3000,1.10476,1.28,0.15,4
604,399,7000,1.69926,3.32,0.15,4
604,587,3500,2.8922,4.12,0.15,4
604,605,3500,2.86959,4.09,0.15,4
604,606,3500,2.501,3.71,0.15,4
605,59,49500,0.86267,0,0.15,4
605,584,1500,5.24742,8.07,0.15,4
605,600,5000,2.86765,3.66,0.15,4
605,604,3500,2.86959,4.09,0.15,4
605,607,2000,2.501,5.5,0.15,4
606,60,49500,0.86267,0,0.15,4
606,403,1500,1.20311,2.84,0.15,4
606,604,3500,2.501,3.71,0.15,4
606,607,3500,2.86959,4.09,0.15,4
606,675,3500,3.11339,6.4,0.15,4
607,61,49500,0.86267,0,0.15,4
607,602,3000,2.87283,4.53,0.15,4
607,605,2000,2.501,5.5,0.15,4
607,606,3500,2.86959,4.09,0.15,4
607,676,500,3.111,6.87,0.15,4
608,62,49500,0.86267,0,0.15,4
608,537,5500,2.693,3.31,0.15,4
608,591,3500,2.9946,5.22,0.15,4
608,592,4000,2.76189,4.37,0.15,4
608,609,6500,2.80666,4.42,0.15,4
608,613,4500,2.86765,4.3,0.15,4
609,63,49500,0.86267,0,0.15,4
609,399,7000,1.364,0.88,0.15,4
609,400,500,2.50769,6.72,0.15,4
609,592,2500,2.81461,5.04,0.15,4
609,608,6500,2.80666,4.42,0.15,4
609,611,3000,2.50174,3.81,0.15,4
610,64,49500,0.86267,0,0.15,4
610,537,5500,0.62208,0.81,0.15,4
610,611,6500,2.74568,3.73,0.15,4
610,615,8500,2.93371,4.19,0.15,4
610,679,6500,3.05061,4.77,0.15,4
611,65,49500,0.86267,0,0.15,4
611,403,1500,1.92899,2.07,0.15,4
611,609,3000,2.50174,3.81,0.15,4
611,610,6500,2.74568,3.73,0.15,4
611,680,4500,2.92864,4.34,0.15,4
612,66,49500,0.86267,0,0.15,4
612,440,2000,2.33798,2.64,0.15,4
612,595,1500,2.9784,7.06,0.15,4
612,596,3000,2.70127,4.23,0.15,4
612,614,5500,2.318,4.27,0.15,4
612,617,5000,2.92864,4.39,0.15,4
613,67,49500,0.86267,0,0.15,4
613,440,2000,0.86267,1.88,0.15,4
613,591,5000,2.728,3.78,0.15,4
613,596,500,2.9784,6.09,0.15,4
613,608,4500,2.86765,4.3,0.15,4
613,615,10000,2.37978,3.61,0.15,4
614,68,49500,0.86267,0,0.15,4
614,439,6000,2.33798,2.72,0.15,4
614,554,3500,3.02427,5.04,0.15,4
614,612,5500,2.318,4.27,0.15,4
614,619,3500,3.01132,5.65,0.15,4
614,622,4000,3.41273,6.06,0.15,4
615,69,49500,0.86267,0,0.15,4
615,439,6000,0.7764,1.94,0.15,4
615,536,2000,1.74784,1.52,0.15,4
615,610,8500,2.93371,4.19,0.15,4
615,613,10000,2.37978,3.61,0.15,4
615,622,4000,3.14904,5.03,0.15,4
616,70,49500,0.86267,0,0.15,4
616,433,9500,2.79936,3.4,0.15,4
616,598,2500,2.11486,4.51,0.15,4
616,599,3000,2.73141,5.88,0.15,4
616,618,6500,1.89493,3.18,0.15,4
616,620,5500,1.89198,3.79,0.15,4
617,71,49500,0.86267,0,0.15,4
617,433,9500,0.76433,1.5,0.15,4
617,595,2000,2.67358,4.67,0.15,4
617,599,1500,2.86765,4.54,0.15,4
617,612,5000,2.92864,4.39,0.15,4
617,619,10500,2.01392,3.36,0.15,4
618,72,49500,0.86267,0,0.15,4
618,434,9000,3.17024,4.12,0.15,4
618,548,7500,1.95295,3.52,0.15,4
618,552,5000,2.65122,4.34,0.15,4
618,616,6500,1.89493,3.18,0.15,4
618,621,3500,2.08652,3.88,0.15,4
619,73,49500,0.86267,0,0.15,4
619,434,9000,0.63686,0.65,0.15,4
619,552,9500,3.08699,4.8,0.15,4
619,554,2500,2.7987,4.97,0.15,4
619,614,3500,3.01132,5.65,0.15,4
619,617,10500,2.01392,3.36,0.15,4
620,74,49500,0.86267,0,0.15,4
620,598,3500,1.85825,3.95,0.15,4
620,616,5500,1.89198,3.79,0.15,4
620,621,3000,1.403,2.61,0.15,4
621,75,49500,0.86267,0,0.15,4
621,547,5500,1.58365,2.89,0.15,4
621,618,3500,2.08652,3.88,0.15,4
621,620,3000,1.403,2.61,0.15,4
622,76,49500,0.86267,0,0.15,4
622,540,3000,2.046,1.75,0.15,4
622,554,2000,3.73248,5.79,0.15,4
622,555,4500,3.13542,4.89,0.15,4
622,614,4000,3.41273,6.06,0.15,4
622,615,4000,3.14904,5.03,0.15,4
622,623,3500,3.22839,5.02,0.15,4
622,625,2500,2.74025,4.8,0.15,4
623,77,49500,0.86267,0,0.15,4
623,622,3500,3.22839,5.02,0.15,4
623,624,6500,2.94384,6.26,0.15,4
623,627,5500,3.05061,4.83,0.15,4
623,681,4000,2.87736,4.31,0.15,4
624,78,49500,0.86267,0,0.15,4
624,555,5500,1.6116,2.68,0.15,4
624,556,1000,3.85219,9.28,0.15,4
624,557,2000,4.44966,9.25,0.15,4
624,623,6500,2.94384,6.26,0.15,4
624,626,9500,2.69023,4.43,0.15,4
625,79,49500,0.86267,0,0.15,4
625,554,7000,1.84418,3.39,0.15,4
625,555,13500,1.10476,1.58,0.15,4
625,622,2500,2.74025,4.8,0.15,4
626,80,49500,0.86267,0,0.15,4
626,485,6500,1.75633,1.68,0.15,4
626,624,9500,2.69023,4.43,0.15,4
626,627,13000,3.05061,5.1,0.15,4
626,630,11000,2.0749,4.32,0.15,4
627,81,49500,0.86267,0,0.15,4
627,484,6000,1.73609,1.98,0.15,4
627,486,6500,2.10339,2.22,0.15,4
627,623,5500,3.05061,4.83,0.15,4
627,626,13000,3.05061,5.1,0.15,4
628,82,49500,0.86267,0,0.15,4
628,485,6500,1.364,2.84,0.15,4
628,629,6000,2.87283,4.78,0.15,4
628,631,6500,3.111,6.55,0.15,4
628,632,5000,2.9946,4.99,0.15,4
629,83,49500,0.86267,0,0.15,4
629,479,3000,2.23796,2.12,0.15,4
629,484,6000,1.52866,3.65,0.15,4
629,628,6000,2.87283,4.78,0.15,4
629,633,6000,2.93054,4.89,0.15,4
630,84,49500,0.86267,0,0.15,4
630,489,3500,1.72534,2.68,0.15,4
630,557,8500,1.71778,3.75,0.15,4
630,626,11000,2.0749,4.32,0.15,4
631,85,49500,0.86267,0,0.15,4
631,489,3500,1.769,4.23,0.15,4
631,490,5000,1.19846,3.8,0.15,4
631,559,5000,3.26564,6.1,0.15,4
631,566,2000,2.89027,7.28,0.15,4
631,571,2000,3.84735,6.73,0.15,4
631,628,6500,3.111,6.55,0.15,4
631,636,6500,2.19939,4.37,0.15,4
632,86,49500,0.86267,0,0.15,4
632,502,1500,1.64248,1.67,0.15,4
632,571,2500,3.22609,7.76,0.15,4
632,628,5000,2.9946,4.99,0.15,4
632,633,8000,2.93054,4.53,0.15,4
632,636,2500,2.9159,4.17,0.15,4
633,87,49500,0.86267,0,0.15,4
633,478,5500,1.97097,1.91,0.15,4
633,503,7000,3.05061,3.5,0.15,4
633,629,6000,2.93054,4.89,0.15,4
633,632,8000,2.93054,4.53,0.15,4
634,88,49500,0.86267,0,0.15,4
634,502,1500,1.586,3.91,0.15,4
634,505,6000,1.79406,1.48,0.15,4
634,571,2000,3.77313,6.3,0.15,4
634,635,3500,2.93054,3.86,0.15,4
634,637,4500,2.928,5.42,0.15,4
635,89,49500,0.86267,0,0.15,4
635,504,7000,0.71138,0.45,0.15,4
635,634,3500,2.93054,3.86,0.15,4
635,640,1000,2.93054,3.64,0.15,4
635,705,5500,2.928,4.23,0.15,4
636,90,49500,0.86267,0,0.15,4
636,501,5500,1.06706,0.62,0.15,4
636,631,6500,2.19939,4.37,0.15,4
636,632,2500,2.9159,4.17,0.15,4
637,91,49500,0.86267,0,0.15,4
637,571,3500,2.14283,4.49,0.15,4
637,572,2500,3.62835,6.45,0.15,4
637,576,4000,3.25537,5.8,0.15,4
637,634,4500,2.928,5.42,0.15,4
637,644,5000,2.86959,4.49,0.15,4
638,92,49500,0.86267,0,0.15,4
638,640,1500,5.47847,6.63,0.15,4
638,642,3000,4.47343,5.44,0.15,4
638,707,2500,3.24219,4.12,0.15,4
638,815,2000,4.39242,5.72,0.15,4
638,825,1000,3.0341,3.63,0.15,4
638,826,1500,3.0008,4.8,0.15,4
639,93,49500,0.86267,0,0.15,4
639,505,6000,1.39235,2.42,0.15,4
639,506,5000,0.86267,1.8,0.15,4
639,640,3000,2.93054,3.51,0.15,4
639,641,8500,3.05061,4.75,0.15,4
640,94,49500,0.86267,0,0.15,4
640,635,1000,2.93054,3.64,0.15,4
640,638,1500,5.47847,6.63,0.15,4
640,639,3000,2.93054,3.51,0.15,4
640,642,2000,2.93054,4.39,0.15,4
641,95,49500,0.86267,0,0.15,4
641,639,8500,3.05061,4.75,0.15,4
641,642,6500,2.867,3.55,0.15,4
641,646,7000,2.93054,3.9,0.15,4
641,648,500,2.98962,4.68,0.15,4
642,96,49500,0.86267,0,0.15,4
642,638,3000,4.47343,5.44,0.15,4
642,640,2000,2.93054,4.39,0.15,4
642,641,6500,2.867,3.55,0.15,4
642,649,2000,3.05244,4.29,0.15,4
643,97,49500,0.86267,0,0.15,4
643,576,3000,1.65714,3.53,0.15,4
643,578,12000,2.3188,3.79,0.15,4
643,644,8000,2.90824,4.93,0.15,4
644,98,49500,0.86267,0,0.15,4
644,506,5000,2.41317,2.59,0.15,4
644,637,5000,2.86959,4.49,0.15,4
644,643,8000,2.90824,4.93,0.15,4
644,646,5500,2.98962,5.23,0.15,4
645,99,49500,0.86267,0,0.15,4
645,578,6000,3.14904,5.85,0.15,4
645,646,6000,3.09902,4.42,0.15,4
645,647,10000,2.50769,3.97,0.15,4
645,652,10000,2.38213,3.82,0.15,4
646,100,49500,0.86267,0,0.15,4
646,507,1500,0.2728,1.51,0.15,4
646,641,7000,2.93054,3.9,0.15,4
646,644,5500,2.98962,5.23,0.15,4
646,645,6000,3.09902,4.42,0.15,4
646,653,4500,2.93054,4.14,0.15,4
647,101,49500,0.86267,0,0.15,4
647,524,5500,0.80233,1.58,0.15,4
647,579,5500,2.26687,3.52,0.15,4
647,645,10000,2.50769,3.97,0.15,4
647,657,3500,2.17984,3.63,0.15,4
648,102,49500,0.86267,0,0.15,4
648,641,500,2.98962,4.68,0.15,4
648,649,3000,2.80666,4.48,0.15,4
648,650,3500,2.93371,3.99,0.15,4
648,653,5000,2.9946,3.95,0.15,4
649,103,49500,0.86267,0,0.15,4
649,642,2000,3.05244,4.29,0.15,4
649,648,3000,2.80666,4.48,0.15,4
649,651,2000,2.92864,3.9,0.15,4
649,825,1500,3.05,4.01,0.15,4
650,104,49500,0.86267,0,0.15,4
650,453,500,2.62016,2.82,0.15,4
650,648,3500,2.93371,3.99,0.15,4
650,651,2500,3.05061,4.35,0.15,4
650,655,3000,2.928,4.94,0.15,4
651,105,49500,0.86267,0,0.15,4
651,649,2000,2.92864,3.9,0.15,4
651,650,2500,3.05061,4.35,0.15,4
651,827,1000,2.93054,3.99,0.15,4
651,842,2000,2.93371,4.5,0.15,4
652,106,49500,0.86267,0,0.15,4
652,452,7000,2.16185,2.17,0.15,4
652,525,5000,1.06706,2.57,0.15,4
652,645,10000,2.38213,3.82,0.15,4
652,653,4500,3.05,4.29,0.15,4
653,107,49500,0.86267,0,0.15,4
653,646,4500,2.93054,4.14,0.15,4
653,648,5000,2.9946,3.95,0.15,4
653,652,4500,3.05,4.29,0.15,4
653,655,2500,3.11339,4.81,0.15,4
654,108,49500,0.86267,0,0.15,4
654,451,5000,2.00652,1.81,0.15,4
654,452,7000,1.13467,2.28,0.15,4
654,659,5500,3.05061,4.81,0.15,4
654,662,5000,3.05061,4.35,0.15,4
655,109,49500,0.86267,0,0.15,4
655,451,5000,1.2276,2.48,0.15,4
655,650,3000,2.928,4.94,0.15,4
655,653,2500,3.11339,4.81,0.15,4
655,663,6000,2.93371,4.39,0.15,4
656,110,49500,0.86267,0,0.15,4
656,579,3000,3.49195,6.63,0.15,4
656,657,7000,2.99149,5.64,0.15,4
656,658,4000,3.05061,4.75,0.15,4
656,660,3000,2.318,3.83,0.15,4
657,111,49500,0.86267,0,0.15,4
657,525,5000,2.23796,2.51,0.15,4
657,647,3500,2.17984,3.63,0.15,4
657,656,7000,2.99149,5.64,0.15,4
657,659,15000,3.17259,5.22,0.15,4
658,112,49500,0.86267,0,0.15,4
658,510,4000,1.04948,0.37,0.15,4
658,656,4000,3.05061,4.75,0.15,4
658,659,5500,2.989,5.56,0.15,4
658,661,6000,2.3188,3.63,0.15,4
659,113,49500,0.86267,0,0.15,4
659,509,5000,1.09969,0.59,0.15,4
659,654,5500,3.05061,4.81,0.15,4
659,657,15000,3.17259,5.22,0.15,4
659,658,5500,2.989,5.56,0.15,4
660,114,49500,0.86267,0,0.15,4
660,582,3500,4.07195,5.88,0.15,4
660,656,3000,2.318,3.83,0.15,4
660,661,5000,2.98962,4.61,0.15,4
660,902,4500,3.47218,6.04,0.15,4
661,115,49500,0.86267,0,0.15,4
661,512,2000,1.09969,0.58,0.15,4
661,658,6000,2.3188,3.63,0.15,4
661,660,5000,2.98962,4.61,0.15,4
661,902,3500,3.74542,7.95,0.15,4
662,116,49500,0.86267,0,0.15,4
662,449,2000,2.63362,2.91,0.15,4
662,654,5000,3.05061,4.35,0.15,4
662,664,4500,2.99149,3.79,0.15,4
662,667,2500,2.989,5.39,0.15,4
663,117,49500,0.86267,0,0.15,4
663,449,2000,0.682,1.41,0.15,4
663,655,6000,2.93371,4.39,0.15,4
663,665,2000,2.98962,4.29,0.15,4
663,841,3500,3.05061,4.16,0.15,4
664,118,49500,0.86267,0,0.15,4
664,448,3500,2.75245,2.78,0.15,4
664,662,4500,2.99149,3.79,0.15,4
664,669,5500,2.92864,3.84,0.15,4
664,849,5500,4.45801,5.88,0.15,4
665,119,49500,0.86267,0,0.15,4
665,448,3500,0.65699,1.17,0.15,4
665,663,2000,2.98962,4.29,0.15,4
665,843,2000,2.928,3.73,0.15,4
665,849,1000,4.57663,6.48,0.15,4
666,120,49500,0.86267,0,0.15,4
666,510,4000,2.22043,4.08,0.15,4
666,521,1500,0.793,0.55,0.15,4
666,667,2000,2.989,4.68,0.15,4
666,668,3000,2.92864,4.18,0.15,4
667,121,49500,0.86267,0,0.15,4
667,509,5000,2.16185,5.05,0.15,4
667,662,2500,2.989,5.39,0.15,4
667,666,2000,2.989,4.68,0.15,4
667,669,7000,2.92864,4.32,0.15,4
668,122,49500,0.86267,0,0.15,4
668,519,2000,0.35569,0.64,0.15,4
668,666,3000,2.92864,4.18,0.15,4
668,669,3500,2.989,4.75,0.15,4
668,850,4500,2.989,3.84,0.15,4
669,123,49500,0.86267,0,0.15,4
669,664,5500,2.92864,3.84,0.15,4
669,667,7000,2.92864,4.32,0.15,4
669,668,3500,2.989,4.75,0.15,4
669,851,5500,2.93054,4.62,0.15,4
670,124,49500,0.86267,0,0.15,4
670,512,2000,3.42144,7.48,0.15,4
670,519,2000,3.21048,3.14,0.15,4
670,521,1500,2.728,3.93,0.15,4
670,854,500,5.91731,10.31,0.15,4
670,902,500,6.92961,10.36,0.15,4
670,905,1000,4.72268,10,0.15,4
671,125,49500,0.86267,0,0.15,4
671,602,3500,2.86959,4.72,0.15,4
671,672,2500,2.87283,3.66,0.15,4
671,673,4500,2.99149,3.99,0.15,4
671,676,3000,2.98962,3.91,0.15,4
672,126,49500,0.86267,0,0.15,4
672,603,2000,3.05061,3.78,0.15,4
672,671,2500,2.87283,3.66,0.15,4
672,674,2000,2.98962,3.99,0.15,4
672,722,1000,2.86959,3.58,0.15,4
673,127,49500,0.86267,0,0.15,4
673,671,4500,2.99149,3.99,0.15,4
673,674,3500,3.05549,3.83,0.15,4
673,678,4000,2.86765,3.66,0.15,4
673,683,3000,3.11339,4.27,0.15,4
674,128,49500,0.86267,0,0.15,4
674,672,2000,2.98962,3.99,0.15,4
674,673,3500,3.05549,3.83,0.15,4
674,684,1500,2.928,4.29,0.15,4
674,724,2000,2.928,4.5,0.15,4
675,129,49500,0.86267,0,0.15,4
675,404,5500,1.54319,3.14,0.15,4
675,606,3500,3.11339,6.4,0.15,4
675,676,5500,2.74771,4.32,0.15,4
675,677,4500,2.80865,4,0.15,4
676,130,49500,0.86267,0,0.15,4
676,607,500,3.111,6.87,0.15,4
676,671,3000,2.98962,3.91,0.15,4
676,675,5500,2.74771,4.32,0.15,4
676,678,3500,2.867,4.09,0.15,4
677,131,49500,0.86267,0,0.15,4
677,406,3000,0.82067,2,0.15,4
677,675,4500,2.80865,4,0.15,4
677,678,5500,2.87283,4.53,0.15,4
677,687,8000,3.05061,4.37,0.15,4
678,132,49500,0.86267,0,0.15,4
678,673,4000,2.86765,3.66,0.15,4
678,676,3500,2.867,4.09,0.15,4
678,677,5500,2.87283,4.53,0.15,4
678,688,7500,2.989,4.18,0.15,4
679,133,49500,0.86267,0,0.15,4
679,610,6500,3.05061,4.77,0.15,4
679,680,3500,2.196,3.4,0.15,4
679,681,4000,3.05061,4.69,0.15,4
680,134,49500,0.86267,0,0.15,4
680,404,5500,1.61045,1.27,0.15,4
680,488,2500,2.29623,2.97,0.15,4
680,611,4500,2.92864,4.34,0.15,4
680,679,3500,2.196,3.4,0.15,4
681,135,49500,0.86267,0,0.15,4
681,487,3000,1.64248,1.36,0.15,4
681,623,4000,2.87736,4.31,0.15,4
681,679,4000,3.05061,4.69,0.15,4
681,691,12000,2.867,4,0.15,4
682,136,49500,0.86267,0,0.15,4
682,406,3000,2.20446,2.45,0.15,4
682,487,3000,1.50659,3.04,0.15,4
682,488,2500,1.01524,2.77,0.15,4
682,692,8000,2.9946,4,0.15,4
683,137,49500,0.86267,0,0.15,4
683,673,3000,3.11339,4.27,0.15,4
683,684,2500,2.928,4.5,0.15,4
683,685,4000,2.80666,3.73,0.15,4
683,688,3500,2.9946,4.19,0.15,4
684,138,49500,0.86267,0,0.15,4
684,674,1500,2.928,4.29,0.15,4
684,683,2500,2.928,4.5,0.15,4
684,728,3500,2.92864,3.91,0.15,4
685,139,49500,0.86267,0,0.15,4
685,411,6000,2.91909,3.04,0.15,4
685,683,4000,2.80666,3.73,0.15,4
685,686,1500,2.80865,3.5,0.15,4
685,690,4000,3.05,3.82,0.15,4
686,140,49500,0.86267,0,0.15,4
686,685,1500,2.80865,3.5,0.15,4
686,730,1000,2.92864,3.91,0.15,4
687,141,49500,0.86267,0,0.15,4
687,407,6500,0.82067,1.71,0.15,4
687,677,8000,3.05061,4.37,0.15,4
687,688,6500,2.80865,4.42,0.15,4
687,689,7000,2.928,5.02,0.15,4
688,142,49500,0.86267,0,0.15,4
688,678,7500,2.989,4.18,0.15,4
688,683,3500,2.9946,4.19,0.15,4
688,687,6500,2.80865,4.42,0.15,4
688,690,5000,2.989,5.32,0.15,4
689,143,49500,0.86267,0,0.15,4
689,408,2000,1.04948,2.19,0.15,4
689,687,7000,2.928,5.02,0.15,4
689,690,3500,2.81196,4,0.15,4
689,699,1500,3.1116,4.83,0.15,4
690,144,49500,0.86267,0,0.15,4
690,410,2000,2.81196,2.9,0.15,4
690,685,4000,3.05,3.82,0.15,4
690,688,5000,2.989,5.32,0.15,4
690,689,3500,2.81196,4,0.15,4
691,145,49500,0.86267,0,0.15,4
691,481,6500,2.30915,2.42,0.15,4
691,486,6500,1.06706,2.4,0.15,4
691,681,12000,2.867,4,0.15,4
691,692,8000,2.75109,4.22,0.15,4
692,146,49500,0.86267,0,0.15,4
692,407,6500,2.45596,2.47,0.15,4
692,682,8000,2.9946,4,0.15,4
692,691,8000,2.75109,4.22,0.15,4
692,694,5500,2.92864,5.17,0.15,4
693,147,49500,0.86267,0,0.15,4
693,479,3000,0.96449,1.88,0.15,4
693,483,6500,0.682,0.5,0.15,4
693,694,4500,2.98962,4.28,0.15,4
693,703,2000,3.05,5.13,0.15,4
694,148,49500,0.86267,0,0.15,4
694,408,2000,2.10339,2.11,0.15,4
694,539,5000,1.15095,0.62,0.15,4
694,692,5500,2.92864,5.17,0.15,4
694,693,4500,2.98962,4.28,0.15,4
695,149,49500,0.86267,0,0.15,4
695,411,6000,0.63686,1.04,0.15,4
695,696,8500,2.989,3.99,0.15,4
695,697,4500,2.92864,4.63,0.15,4
695,700,10500,2.99149,5.5,0.15,4
696,150,49500,0.86267,0,0.15,4
696,695,8500,2.989,3.99,0.15,4
696,698,5000,3.05061,4.31,0.15,4
696,734,1500,2.80865,4.2,0.15,4
697,151,49500,0.86267,0,0.15,4
697,695,4500,2.92864,4.63,0.15,4
697,698,4000,2.99149,3.95,0.15,4
697,702,5500,2.989,3.97,0.15,4
697,809,2500,2.989,3.95,0.15,4
698,152,49500,0.86267,0,0.15,4
698,696,5000,3.05061,4.31,0.15,4
698,697,4000,2.99149,3.95,0.15,4
698,736,4500,2.867,4.32,0.15,4
698,810,2000,2.86765,4.67,0.15,4
699,153,49500,0.86267,0,0.15,4
699,538,8000,0.71138,0.45,0.15,4
699,689,1500,3.1116,4.83,0.15,4
699,700,5000,2.867,4.09,0.15,4
699,701,5000,2.86765,3.66,0.15,4
700,154,49500,0.86267,0,0.15,4
700,410,2000,0.63686,1.09,0.15,4
700,695,10500,2.99149,5.5,0.15,4
700,699,5000,2.867,4.09,0.15,4
700,702,4500,3.05061,5.1,0.15,4
701,155,49500,0.86267,0,0.15,4
701,474,3500,0.82067,1.73,0.15,4
701,699,5000,2.86765,3.66,0.15,4
701,702,2500,2.87283,3.44,0.15,4
701,813,2000,2.93054,4.43,0.15,4
702,156,49500,0.86267,0,0.15,4
702,697,5500,2.989,3.97,0.15,4
702,700,4500,3.05061,5.1,0.15,4
702,701,2500,2.87283,3.44,0.15,4
702,814,3500,2.92864,4.55,0.15,4
703,157,49500,0.86267,0,0.15,4
703,478,5500,1.31398,2.69,0.15,4
703,693,2000,3.05,5.13,0.15,4
703,704,7500,2.867,4.29,0.15,4
703,705,3500,2.74771,4.18,0.15,4
704,158,49500,0.86267,0,0.15,4
704,538,8000,3.37435,4.18,0.15,4
704,539,5000,2.14196,4.88,0.15,4
704,703,7500,2.867,4.29,0.15,4
704,706,8500,2.86765,4.55,0.15,4
705,159,49500,0.86267,0,0.15,4
705,476,3500,2.28404,2.02,0.15,4
705,635,5500,2.928,4.23,0.15,4
705,703,3500,2.74771,4.18,0.15,4
705,706,5000,2.93054,4.14,0.15,4
706,160,49500,0.86267,0,0.15,4
706,474,3500,2.41317,2.45,0.15,4
706,475,3500,2.51953,3.08,0.15,4
706,704,8500,2.86765,4.55,0.15,4
706,705,5000,2.93054,4.14,0.15,4
707,161,49500,0.86267,0,0.15,4
707,473,1000,3.85219,4.39,0.15,4
707,475,3500,1.17811,1.74,0.15,4
707,476,3500,1.18441,2.79,0.15,4
707,638,2500,3.24219,4.12,0.15,4
708,162,49500,0.86267,0,0.15,4
708,388,2000,1.81366,2.9,0.15,4
708,709,3000,5.856,6.96,0.15,4
708,714,4000,5.81647,6.99,0.15,4
708,913,3000,16.7325,20.04,0.15,4
709,163,49500,0.86267,0,0.15,4
709,391,3000,1.26933,0.53,0.15,4
709,708,3000,5.856,6.96,0.15,4
709,711,1000,4.64922,5.49,0.15,4
709,713,2500,4.59164,5.92,0.15,4
709,803,2500,6.1003,7.69,0.15,4
710,164,49500,0.86267,0,0.15,4
710,584,1000,4.70926,5.72,0.15,4
710,712,3000,2.86765,5.11,0.15,4
710,806,2500,2.867,3.52,0.15,4
711,165,49500,0.86267,0,0.15,4
711,709,1000,4.64922,5.49,0.15,4
711,713,1000,3.05061,4.09,0.15,4
711,807,2500,2.74568,3.19,0.15,4
712,166,49500,0.86267,0,0.15,4
712,393,3500,2.70953,2.62,0.15,4
712,584,2000,4.70689,7.48,0.15,4
712,710,3000,2.86765,5.11,0.15,4
712,713,1000,3.05061,4.28,0.15,4
713,167,49500,0.86267,0,0.15,4
713,392,1000,1.675,1.05,0.15,4
713,709,2500,4.59164,5.92,0.15,4
713,711,1000,3.05061,4.09,0.15,4
713,712,1000,3.05061,4.28,0.15,4
713,716,2000,3.33721,6.77,0.15,4
714,168,49500,0.86267,0,0.15,4
714,708,4000,5.81647,6.99,0.15,4
714,715,4500,5.673,6.66,0.15,4
714,720,3500,5.79532,6.95,0.15,4
714,913,3500,11.385,13.61,0.15,4
715,169,49500,0.86267,0,0.15,4
715,391,3000,4.71637,6.36,0.15,4
715,714,4500,5.673,6.66,0.15,4
715,717,2500,4.49955,5.36,0.15,4
715,719,1500,4.51647,5.28,0.15,4
715,721,2500,5.673,6.62,0.15,4
716,170,49500,0.86267,0,0.15,4
716,393,3500,0.61304,1.87,0.15,4
716,601,3000,2.928,5.17,0.15,4
716,713,2000,3.33721,6.77,0.15,4
716,717,4000,2.86959,4.09,0.15,4
716,718,7000,2.62371,4.45,0.15,4
717,171,49500,0.86267,0,0.15,4
717,392,1000,1.60466,2.98,0.15,4
717,715,2500,4.49955,5.36,0.15,4
717,716,4000,2.86959,4.09,0.15,4
717,719,1500,2.501,3.9,0.15,4
718,172,49500,0.86267,0,0.15,4
718,603,1000,2.99149,3.99,0.15,4
718,716,7000,2.62371,4.45,0.15,4
718,719,1000,2.806,3.73,0.15,4
718,722,2500,3.05549,3.79,0.15,4
719,173,49500,0.86267,0,0.15,4
719,715,1500,4.51647,5.28,0.15,4
719,717,1500,2.501,3.9,0.15,4
719,718,1000,2.806,3.73,0.15,4
719,723,2000,2.989,3.95,0.15,4
720,174,49500,0.86267,0,0.15,4
720,714,3500,5.79532,6.95,0.15,4
720,721,4000,5.61333,6.58,0.15,4
720,726,3000,5.91731,7.07,0.15,4
720,913,3000,7.75444,9.25,0.15,4
721,175,49500,0.86267,0,0.15,4
721,715,2500,5.673,6.62,0.15,4
721,720,4000,5.61333,6.58,0.15,4
721,723,1000,4.55258,5.41,0.15,4
721,725,2500,4.71242,5.5,0.15,4
721,727,3000,5.85632,7.03,0.15,4
722,176,49500,0.86267,0,0.15,4
722,672,1000,2.86959,3.58,0.15,4
722,718,2500,3.05549,3.79,0.15,4
722,723,2000,2.98962,4.28,0.15,4
722,724,1000,2.86959,4,0.15,4
723,177,49500,0.86267,0,0.15,4
723,719,2000,2.989,3.95,0.15,4
723,721,1000,4.55258,5.41,0.15,4
723,722,2000,2.98962,4.28,0.15,4
723,725,2000,3.1116,4.08,0.15,4
724,178,49500,0.86267,0,0.15,4
724,674,2000,2.928,4.5,0.15,4
724,722,1000,2.86959,4,0.15,4
724,725,3000,2.81196,4,0.15,4
724,728,4500,2.989,3.74,0.15,4
725,179,49500,0.86267,0,0.15,4
725,721,2500,4.71242,5.5,0.15,4
725,723,2000,3.1116,4.08,0.15,4
725,724,3000,2.81196,4,0.15,4
725,729,4500,2.928,4.39,0.15,4
726,180,49500,0.86267,0,0.15,4
726,416,2000,2.04509,1.54,0.15,4
726,720,3000,5.91731,7.07,0.15,4
726,727,4000,5.73692,6.74,0.15,4
726,913,4000,7.53294,9.38,0.15,4
727,181,49500,0.86267,0,0.15,4
727,415,3500,4.24465,4.8,0.15,4
727,721,3000,5.85632,7.03,0.15,4
727,726,4000,5.73692,6.74,0.15,4
727,729,1000,4.49955,5.71,0.15,4
727,731,2000,4.51977,5.26,0.15,4
728,182,49500,0.86267,0,0.15,4
728,684,3500,2.92864,3.91,0.15,4
728,724,4500,2.989,3.74,0.15,4
728,729,5000,2.80865,4,0.15,4
728,730,3500,2.92864,4.18,0.15,4
729,183,49500,0.86267,0,0.15,4
729,725,4500,2.928,4.39,0.15,4
729,727,1000,4.49955,5.71,0.15,4
729,728,5000,2.80865,4,0.15,4
729,731,4000,2.86959,4.3,0.15,4
730,184,49500,0.86267,0,0.15,4
730,413,4000,3.17024,3.35,0.15,4
730,686,1000,2.92864,3.91,0.15,4
730,728,3500,2.92864,4.18,0.15,4
730,731,3000,2.98962,4.49,0.15,4
731,185,49500,0.86267,0,0.15,4
731,414,3500,3.20061,3.29,0.15,4
731,727,2000,4.51977,5.26,0.15,4
731,729,4000,2.86959,4.3,0.15,4
731,730,3000,2.98962,4.49,0.15,4
732,186,49500,0.86267,0,0.15,4
732,416,2000,3.95137,5.28,0.15,4
732,417,3500,8.19718,9.84,0.15,4
732,733,3000,5.79789,6.82,0.15,4
732,864,4000,6.222,7.94,0.15,4
733,187,49500,0.86267,0,0.15,4
733,415,3500,1.75633,3.01,0.15,4
733,732,3000,5.79789,6.82,0.15,4
733,735,1000,4.49955,5.96,0.15,4
733,737,2500,4.70175,5.9,0.15,4
733,865,5000,5.85886,6.95,0.15,4
734,188,49500,0.86267,0,0.15,4
734,413,4000,0.62208,0.65,0.15,4
734,696,1500,2.80865,4.2,0.15,4
734,735,4500,2.80666,3.91,0.15,4
734,736,5000,2.928,4.88,0.15,4
735,189,49500,0.86267,0,0.15,4
735,414,3500,0.63686,0.54,0.15,4
735,733,1000,4.49955,5.96,0.15,4
735,734,4500,2.80666,3.91,0.15,4
735,737,3000,3.05,5.19,0.15,4
736,190,49500,0.86267,0,0.15,4
736,698,4500,2.867,4.32,0.15,4
736,734,5000,2.928,4.88,0.15,4
736,737,6500,2.81196,4.67,0.15,4
736,866,3500,4.70926,6.66,0.15,4
737,191,49500,0.86267,0,0.15,4
737,733,2500,4.70175,5.9,0.15,4
737,735,3000,3.05,5.19,0.15,4
737,736,6500,2.81196,4.67,0.15,4
737,866,2000,4.57175,5.36,0.15,4
738,192,49500,0.86267,0,0.15,4
738,740,1000,3.47218,4.28,0.15,4
738,742,2000,3.85267,5.38,0.15,4
738,746,1500,5.79789,8.62,0.15,4
738,784,1500,2.867,3.52,0.15,4
738,920,1500,5.81551,8.24,0.15,4
739,193,49500,0.86267,0,0.15,4
739,419,1500,3.41273,5.07,0.15,4
739,740,2000,3.05244,4.11,0.15,4
739,741,2000,2.68469,3.38,0.15,4
739,921,2000,4.60136,5.84,0.15,4
740,194,49500,0.86267,0,0.15,4
740,738,1000,3.47218,4.28,0.15,4
740,739,2000,3.05244,4.11,0.15,4
740,742,1500,2.63432,3.99,0.15,4
740,920,2000,4.84825,7.59,0.15,4
741,195,49500,0.86267,0,0.15,4
741,739,2000,2.68469,3.38,0.15,4
741,742,500,2.86765,4.07,0.15,4
741,743,1000,4.72701,6.77,0.15,4
741,747,2500,3.05061,3.8,0.15,4
742,196,49500,0.86267,0,0.15,4
742,738,2000,3.85267,5.38,0.15,4
742,740,1500,2.63432,3.99,0.15,4
742,741,500,2.86765,4.07,0.15,4
742,748,2500,2.99149,3.74,0.15,4
743,197,49500,0.86267,0,0.15,4
743,419,1500,1.62768,1.44,0.15,4
743,741,1000,4.72701,6.77,0.15,4
743,744,2500,5.38599,7.11,0.15,4
743,745,2000,5.38772,7.62,0.15,4
743,751,3000,4.84211,6.11,0.15,4
743,752,1500,4.68748,6.51,0.15,4
743,921,2500,6.67441,8.94,0.15,4
743,922,1000,6.49471,9.71,0.15,4
744,198,49500,0.86267,0,0.15,4
744,743,2500,5.38599,7.11,0.15,4
744,745,6000,2.68469,3.79,0.15,4
744,922,1500,5.01982,6.24,0.15,4
745,199,49500,0.86267,0,0.15,4
745,743,2000,5.38772,7.62,0.15,4
745,744,6000,2.68469,3.79,0.15,4
745,755,4000,2.92864,4.75,0.15,4
746,200,49500,0.86267,0,0.15,4
746,738,1500,5.79789,8.62,0.15,4
746,748,2000,3.47754,4.66,0.15,4
746,750,2000,3.60107,4.84,0.15,4
746,757,4000,5.91826,7.09,0.15,4
746,792,1000,3.05,3.98,0.15,4
747,201,49500,0.86267,0,0.15,4
747,741,2500,3.05061,3.8,0.15,4
747,748,3000,3.05,4.52,0.15,4
747,749,2000,2.806,3.85,0.15,4
747,752,2500,2.989,4.47,0.15,4
748,202,49500,0.86267,0,0.15,4
748,742,2500,2.99149,3.74,0.15,4
748,746,2000,3.47754,4.66,0.15,4
748,747,3000,3.05,4.52,0.15,4
748,750,4500,2.867,4.92,0.15,4
749,203,49500,0.86267,0,0.15,4
749,747,2000,2.806,3.85,0.15,4
749,750,2000,3.05061,5.32,0.15,4
749,754,3500,2.867,4.1,0.15,4
749,758,3000,2.98962,3.65,0.15,4
750,204,49500,0.86267,0,0.15,4
750,746,2000,3.60107,4.84,0.15,4
750,748,4500,2.867,4.92,0.15,4
750,749,2000,3.05061,5.32,0.15,4
750,759,1000,2.92864,4.09,0.15,4
751,205,49500,0.86267,0,0.15,4
751,420,3000,2.501,2.57,0.15,4
751,743,3000,4.84211,6.11,0.15,4
751,753,8000,2.74771,4.36,0.15,4
751,755,3000,3.66457,4.87,0.15,4
752,206,49500,0.86267,0,0.15,4
752,420,3000,0.90683,1.68,0.15,4
752,743,1500,4.68748,6.51,0.15,4
752,747,2500,2.989,4.47,0.15,4
752,754,2000,2.80865,3.69,0.15,4
753,207,49500,0.86267,0,0.15,4
753,421,2000,1.47413,0.94,0.15,4
753,751,8000,2.74771,4.36,0.15,4
753,756,4500,3.29456,4.66,0.15,4
753,762,3500,2.98962,3.45,0.15,4
754,208,49500,0.86267,0,0.15,4
754,421,2000,1.83508,2.86,0.15,4
754,749,3500,2.867,4.1,0.15,4
754,752,2000,2.80865,3.69,0.15,4
754,763,1000,3.1116,3.86,0.15,4
755,209,49500,0.86267,0,0.15,4
755,745,4000,2.92864,4.75,0.15,4
755,751,3000,3.66457,4.87,0.15,4
755,756,9000,2.90824,4.52,0.15,4
756,210,49500,0.86267,0,0.15,4
756,753,4500,3.29456,4.66,0.15,4
756,755,9000,2.90824,4.52,0.15,4
756,766,6500,3.07188,4.83,0.15,4
757,211,49500,0.86267,0,0.15,4
757,746,4000,5.91826,7.09,0.15,4
757,759,1500,3.69289,4.43,0.15,4
757,761,3000,3.74095,4.7,0.15,4
757,768,2000,5.856,7.48,0.15,4
757,800,3000,2.93054,3.71,0.15,4
758,212,49500,0.86267,0,0.15,4
758,749,3000,2.98962,3.65,0.15,4
758,759,500,2.928,3.87,0.15,4
758,760,2000,3.111,3.87,0.15,4
758,763,5500,2.99149,4.07,0.15,4
759,213,49500,0.86267,0,0.15,4
759,750,1000,2.92864,4.09,0.15,4
759,757,1500,3.69289,4.43,0.15,4
759,758,500,2.928,3.87,0.15,4
759,761,2000,2.928,3.59,0.15,4
760,214,49500,0.86267,0,0.15,4
760,758,2000,3.111,3.87,0.15,4
760,761,2500,2.93371,3.63,0.15,4
760,765,6000,2.93054,4.63,0.15,4
760,769,1000,2.80666,3.6,0.15,4
761,215,49500,0.86267,0,0.15,4
761,757,3000,3.74095,4.7,0.15,4
761,759,2000,2.928,3.59,0.15,4
761,760,2500,2.93371,3.63,0.15,4
761,770,1500,2.928,3.82,0.15,4
762,216,49500,0.86267,0,0.15,4
762,422,1000,0.61,0.87,0.15,4
762,753,3500,2.98962,3.45,0.15,4
762,763,2500,2.92864,4.19,0.15,4
762,764,500,2.74568,4.48,0.15,4
763,217,49500,0.86267,0,0.15,4
763,754,1000,3.1116,3.86,0.15,4
763,758,5500,2.99149,4.07,0.15,4
763,762,2500,2.92864,4.19,0.15,4
763,765,4500,2.86765,4.7,0.15,4
764,218,49500,0.86267,0,0.15,4
764,423,1000,0.69551,0.6,0.15,4
764,762,500,2.74568,4.48,0.15,4
764,765,3500,3.05549,4.25,0.15,4
764,773,3000,3.1116,4.13,0.15,4
765,219,49500,0.86267,0,0.15,4
765,760,6000,2.93054,4.63,0.15,4
765,763,4500,2.86765,4.7,0.15,4
765,764,3500,3.05549,4.25,0.15,4
765,774,6000,2.86765,4.01,0.15,4
766,220,49500,0.86267,0,0.15,4
766,422,1000,3.05061,3.61,0.15,4
766,756,6500,3.07188,4.83,0.15,4
766,767,3500,3.07188,3.66,0.15,4
767,221,49500,0.86267,0,0.15,4
767,423,1000,3.49621,4.08,0.15,4
767,766,3500,3.07188,3.66,0.15,4
767,777,6000,2.95079,4.58,0.15,4
768,222,49500,0.86267,0,0.15,4
768,584,5000,5.97831,10.15,0.15,4
768,757,2000,5.856,7.48,0.15,4
768,770,1500,3.69289,6.33,0.15,4
768,772,1500,3.8192,5.19,0.15,4
768,808,4500,2.928,3.59,0.15,4
769,223,49500,0.86267,0,0.15,4
769,760,1000,2.80666,3.6,0.15,4
769,770,2500,2.86765,3.79,0.15,4
769,771,2000,2.86959,4.54,0.15,4
769,774,1000,3.05061,5.21,0.15,4
770,224,49500,0.86267,0,0.15,4
770,761,1500,2.928,3.82,0.15,4
770,768,1500,3.69289,6.33,0.15,4
770,769,2500,2.86765,3.79,0.15,4
770,772,5500,3.111,4.05,0.15,4
771,225,49500,0.86267,0,0.15,4
771,585,3000,3.05,3.88,0.15,4
771,769,2000,2.86959,4.54,0.15,4
771,772,5000,2.9946,3.94,0.15,4
771,776,2500,2.92864,3.9,0.15,4
772,226,49500,0.86267,0,0.15,4
772,586,3000,2.86765,3.83,0.15,4
772,768,1500,3.8192,5.19,0.15,4
772,770,5500,3.111,4.05,0.15,4
772,771,5000,2.9946,3.94,0.15,4
773,227,49500,0.86267,0,0.15,4
773,424,1000,0.682,1.3,0.15,4
773,764,3000,3.1116,4.13,0.15,4
773,774,4000,3.05061,4.05,0.15,4
773,775,2000,2.80666,3.38,0.15,4
774,228,49500,0.86267,0,0.15,4
774,765,6000,2.86765,4.01,0.15,4
774,769,1000,3.05061,5.21,0.15,4
774,773,4000,3.05061,4.05,0.15,4
774,776,3000,2.867,4.01,0.15,4
775,229,49500,0.86267,0,0.15,4
775,425,2000,1.47539,2.62,0.15,4
775,589,2500,3.172,4.97,0.15,4
775,773,2000,2.80666,3.38,0.15,4
775,776,2500,2.989,3.81,0.15,4
776,230,49500,0.86267,0,0.15,4
776,590,7500,3.111,4.76,0.15,4
776,771,2500,2.92864,3.9,0.15,4
776,774,3000,2.867,4.01,0.15,4
776,775,2500,2.989,3.81,0.15,4
777,231,49500,0.86267,0,0.15,4
777,424,1000,3.32995,3.72,0.15,4
777,767,6000,2.95079,4.58,0.15,4
777,778,3000,3.46789,4.66,0.15,4
777,779,2500,2.95897,3.78,0.15,4
778,232,49500,0.86267,0,0.15,4
778,429,6500,2.39692,2.77,0.15,4
778,597,500,4.13587,10.64,0.15,4
778,777,3000,3.46789,4.66,0.15,4
778,779,4000,2.93371,5.18,0.15,4
779,233,49500,0.86267,0,0.15,4
779,425,2000,1.73609,1.48,0.15,4
779,427,7000,2.57432,2.65,0.15,4
779,777,2500,2.95897,3.78,0.15,4
779,778,4000,2.93371,5.18,0.15,4
780,234,49500,0.86267,0,0.15,4
780,781,3500,5.91731,7.09,0.15,4
780,785,2500,5.734,8.54,0.15,4
780,914,2000,11.5535,13.52,0.15,4
780,916,500,6.20793,7.93,0.15,4
781,235,49500,0.86267,0,0.15,4
781,780,3500,5.91731,7.09,0.15,4
781,782,3000,5.79628,6.76,0.15,4
781,786,2500,5.67333,6.76,0.15,4
781,917,1000,6.21901,7.44,0.15,4
782,236,49500,0.86267,0,0.15,4
782,781,3000,5.79628,6.76,0.15,4
782,783,3000,5.97831,7.02,0.15,4
782,787,3500,5.551,7.12,0.15,4
782,917,3000,6.89408,8.24,0.15,4
782,918,500,6.39191,9.5,0.15,4
783,237,49500,0.86267,0,0.15,4
783,782,3000,5.97831,7.02,0.15,4
783,784,3500,3.90829,4.94,0.15,4
783,788,1500,4.62957,5.53,0.15,4
783,789,1000,4.57175,5.68,0.15,4
783,918,500,6.72689,9.98,0.15,4
783,919,1500,6.33608,9,0.15,4
784,238,49500,0.86267,0,0.15,4
784,738,1500,2.867,3.52,0.15,4
784,783,3500,3.90829,4.94,0.15,4
784,792,1000,5.795,7.73,0.15,4
784,919,2500,5.77023,7.35,0.15,4
785,239,49500,0.86267,0,0.15,4
785,780,2500,5.734,8.54,0.15,4
785,786,4000,5.856,7.03,0.15,4
785,793,4000,5.79532,6.96,0.15,4
785,914,2500,7.74796,9.24,0.15,4
786,240,49500,0.86267,0,0.15,4
786,781,2500,5.67333,6.76,0.15,4
786,785,4000,5.856,7.03,0.15,4
786,787,1500,5.856,6.96,0.15,4
786,794,3000,5.856,6.89,0.15,4
787,241,49500,0.86267,0,0.15,4
787,782,3500,5.551,7.12,0.15,4
787,786,1500,5.856,6.96,0.15,4
787,789,500,4.69224,6.03,0.15,4
787,791,500,4.78452,5.74,0.15,4
787,795,4500,5.91731,7.03,0.15,4
788,242,49500,0.86267,0,0.15,4
788,783,1500,4.62957,5.53,0.15,4
788,789,2000,2.92864,4.39,0.15,4
788,790,1500,2.745,3.38,0.15,4
788,792,2000,2.728,3.5,0.15,4
789,243,49500,0.86267,0,0.15,4
789,783,1000,4.57175,5.68,0.15,4
789,787,500,4.69224,6.03,0.15,4
789,788,2000,2.92864,4.39,0.15,4
789,791,1500,2.867,3.45,0.15,4
790,244,49500,0.86267,0,0.15,4
790,788,1500,2.745,3.38,0.15,4
790,791,2000,2.92864,4.62,0.15,4
790,792,2500,2.87736,3.42,0.15,4
790,796,2000,2.989,3.98,0.15,4
791,245,49500,0.86267,0,0.15,4
791,787,500,4.78452,5.74,0.15,4
791,789,1500,2.867,3.45,0.15,4
791,790,2000,2.92864,4.62,0.15,4
791,797,1500,3.05244,3.65,0.15,4
792,246,49500,0.86267,0,0.15,4
792,746,1000,3.05,3.98,0.15,4
792,784,1000,5.795,7.73,0.15,4
792,788,2000,2.728,3.5,0.15,4
792,790,2500,2.87736,3.42,0.15,4
792,800,500,5.795,7.99,0.15,4
793,247,49500,0.86267,0,0.15,4
793,785,4000,5.79532,6.96,0.15,4
793,794,3500,5.79532,6.96,0.15,4
793,801,3000,5.85632,7.03,0.15,4
793,914,2000,7.3111,8.7,0.15,4
794,248,49500,0.86267,0,0.15,4
794,786,3000,5.856,6.89,0.15,4
794,793,3500,5.79532,6.96,0.15,4
794,795,4000,5.91731,7.03,0.15,4
794,802,3000,5.79532,7.41,0.15,4
795,249,49500,0.86267,0,0.15,4
795,787,4500,5.91731,7.03,0.15,4
795,794,4000,5.91731,7.03,0.15,4
795,797,1500,4.51647,5.8,0.15,4
795,799,2500,4.73487,5.71,0.15,4
795,803,2500,5.734,7.33,0.15,4
796,250,49500,0.86267,0,0.15,4
796,790,2000,2.989,3.98,0.15,4
796,797,1000,3.05244,3.58,0.15,4
796,798,1000,2.92864,4.39,0.15,4
796,800,500,2.75582,3.31,0.15,4
797,251,49500,0.86267,0,0.15,4
797,791,1500,3.05244,3.65,0.15,4
797,795,1500,4.51647,5.8,0.15,4
797,796,1000,3.05244,3.58,0.15,4
797,799,1000,3.05061,3.65,0.15,4
798,252,49500,0.86267,0,0.15,4
798,796,1000,2.92864,4.39,0.15,4
798,799,2000,3.05974,3.66,0.15,4
798,800,1000,2.89348,3.46,0.15,4
798,804,3000,2.99149,4.48,0.15,4
799,253,49500,0.86267,0,0.15,4
799,795,2500,4.73487,5.71,0.15,4
799,797,1000,3.05061,3.65,0.15,4
799,798,2000,3.05974,3.66,0.15,4
799,805,6000,2.80666,3.6,0.15,4
800,254,49500,0.86267,0,0.15,4
800,757,3000,2.93054,3.71,0.15,4
800,792,500,5.795,7.99,0.15,4
800,796,500,2.75582,3.31,0.15,4
800,798,1000,2.89348,3.46,0.15,4
800,808,500,5.978,12.39,0.15,4
801,255,49500,0.86267,0,0.15,4
801,389,2500,7.50969,9.58,0.15,4
801,793,3000,5.85632,7.03,0.15,4
801,802,2000,5.917,7.09,0.15,4
801,913,3500,20.8982,24.92,0.15,4
802,256,49500,0.86267,0,0.15,4
802,388,2000,4.42618,4.78,0.15,4
802,794,3000,5.79532,7.41,0.15,4
802,801,2000,5.917,7.09,0.15,4
802,803,2500,5.856,6.96,0.15,4
803,257,49500,0.86267,0,0.15,4
803,709,2500,6.1003,7.69,0.15,4
803,795,2500,5.734,7.33,0.15,4
803,802,2500,5.856,6.96,0.15,4
803,805,1000,4.60136,5.9,0.15,4
803,807,1000,4.758,5.74,0.15,4
804,258,49500,0.86267,0,0.15,4
804,798,3000,2.99149,4.48,0.15,4
804,805,4500,2.86765,3.6,0.15,4
804,806,2000,3.05061,3.8,0.15,4
804,808,2500,2.8383,3.44,0.15,4
805,259,49500,0.86267,0,0.15,4
805,799,6000,2.80666,3.6,0.15,4
805,803,1000,4.60136,5.9,0.15,4
805,804,4500,2.86765,3.6,0.15,4
805,807,2000,2.98962,3.81,0.15,4
806,260,49500,0.86267,0,0.15,4
806,710,2500,2.867,3.52,0.15,4
806,804,2000,3.05061,3.8,0.15,4
806,807,2000,2.989,5.86,0.15,4
806,808,1500,2.9784,3.62,0.15,4
807,261,49500,0.86267,0,0.15,4
807,711,2500,2.74568,3.19,0.15,4
807,803,1000,4.758,5.74,0.15,4
807,805,2000,2.98962,3.81,0.15,4
807,806,2000,2.989,5.86,0.15,4
808,262,49500,0.86267,0,0.15,4
808,584,500,6.26996,10.64,0.15,4
808,768,4500,2.928,3.59,0.15,4
808,800,500,5.978,12.39,0.15,4
808,804,2500,2.8383,3.44,0.15,4
808,806,1500,2.9784,3.62,0.15,4
809,263,49500,0.86267,0,0.15,4
809,697,2500,2.989,3.95,0.15,4
809,810,1000,2.928,4.17,0.15,4
809,811,2500,2.989,3.95,0.15,4
809,814,2500,2.92864,3.71,0.15,4
810,264,49500,0.86267,0,0.15,4
810,698,2000,2.86765,4.67,0.15,4
810,809,1000,2.928,4.17,0.15,4
810,812,3500,2.98962,4.01,0.15,4
810,866,2500,4.57663,6.49,0.15,4
811,265,49500,0.86267,0,0.15,4
811,809,2500,2.989,3.95,0.15,4
811,812,2500,2.867,3.84,0.15,4
811,816,3000,3.11339,3.81,0.15,4
811,817,2500,2.93054,3.87,0.15,4
812,266,49500,0.86267,0,0.15,4
812,810,3500,2.98962,4.01,0.15,4
812,811,2500,2.867,3.84,0.15,4
812,818,2000,3.11339,3.89,0.15,4
812,866,1000,4.53415,6.47,0.15,4
813,267,49500,0.86267,0,0.15,4
813,472,3000,1.87122,1.39,0.15,4
813,473,1000,0.7446,1.44,0.15,4
813,701,2000,2.93054,4.43,0.15,4
813,814,6000,3.05549,3.76,0.15,4
814,268,49500,0.86267,0,0.15,4
814,702,3500,2.92864,4.55,0.15,4
814,809,2500,2.92864,3.71,0.15,4
814,813,6000,3.05549,3.76,0.15,4
814,816,2500,2.93371,3.95,0.15,4
815,269,49500,0.86267,0,0.15,4
815,471,3000,3.24219,3.84,0.15,4
815,472,3000,1.4461,2.22,0.15,4
815,638,2000,4.39242,5.72,0.15,4
815,821,2500,2.93054,3.58,0.15,4
816,270,49500,0.86267,0,0.15,4
816,471,3000,0.65699,0.61,0.15,4
816,811,3000,3.11339,3.81,0.15,4
816,814,2500,2.93371,3.95,0.15,4
816,822,2500,2.92864,3.9,0.15,4
817,271,49500,0.86267,0,0.15,4
817,470,1000,0.61304,0.74,0.15,4
817,811,2500,2.93054,3.87,0.15,4
817,818,3500,2.87283,4.12,0.15,4
817,819,3500,2.989,3.51,0.15,4
818,272,49500,0.86267,0,0.15,4
818,812,2000,3.11339,3.89,0.15,4
818,817,3500,2.87283,4.12,0.15,4
818,820,1500,2.80865,4.26,0.15,4
818,869,1500,4.44087,6.33,0.15,4
819,273,49500,0.86267,0,0.15,4
819,469,3000,0.65982,0.34,0.15,4
819,817,3500,2.989,3.51,0.15,4
819,820,1500,2.745,3.52,0.15,4
819,829,3000,2.93815,3.79,0.15,4
820,274,49500,0.86267,0,0.15,4
820,818,1500,2.80865,4.26,0.15,4
820,819,1500,2.745,3.52,0.15,4
820,830,500,3.05061,4.75,0.15,4
820,869,1500,4.44087,5.66,0.15,4
821,275,49500,0.86267,0,0.15,4
821,815,2500,2.93054,3.58,0.15,4
821,822,2000,2.98962,3.95,0.15,4
821,823,4000,2.928,3.73,0.15,4
821,826,2500,2.93371,4.39,0.15,4
822,276,49500,0.86267,0,0.15,4
822,470,1000,3.19596,3.36,0.15,4
822,816,2500,2.92864,3.9,0.15,4
822,821,2000,2.98962,3.95,0.15,4
822,824,2000,2.98962,3.95,0.15,4
823,277,49500,0.86267,0,0.15,4
823,821,4000,2.928,3.73,0.15,4
823,824,2000,2.93054,3.95,0.15,4
823,828,3000,2.928,3.84,0.15,4
823,833,3000,2.92864,4.11,0.15,4
824,278,49500,0.86267,0,0.15,4
824,469,3000,3.54115,4.01,0.15,4
824,822,2000,2.98962,3.95,0.15,4
824,823,2000,2.93054,3.95,0.15,4
824,834,9000,3.05061,5.01,0.15,4
825,279,49500,0.86267,0,0.15,4
825,638,1000,3.0341,3.63,0.15,4
825,649,1500,3.05,4.01,0.15,4
825,826,2000,2.86765,3.68,0.15,4
825,827,1000,3.05061,4.35,0.15,4
826,280,49500,0.86267,0,0.15,4
826,638,1500,3.0008,4.8,0.15,4
826,821,2500,2.93371,4.39,0.15,4
826,825,2000,2.86765,3.68,0.15,4
826,828,2000,3.111,3.94,0.15,4
827,281,49500,0.86267,0,0.15,4
827,651,1000,2.93054,3.99,0.15,4
827,825,1000,3.05061,4.35,0.15,4
827,828,2000,2.93054,3.99,0.15,4
827,837,2500,2.86765,3.84,0.15,4
828,282,49500,0.86267,0,0.15,4
828,823,3000,2.928,3.84,0.15,4
828,826,2000,3.111,3.94,0.15,4
828,827,2000,2.93054,3.99,0.15,4
828,838,500,2.87283,3.63,0.15,4
829,283,49500,0.86267,0,0.15,4
829,457,1000,3.05061,3.65,0.15,4
829,468,2500,1.66609,1.33,0.15,4
829,819,3000,2.93815,3.79,0.15,4
829,834,7500,2.928,5.31,0.15,4
830,284,49500,0.86267,0,0.15,4
830,468,2500,1.50659,2.85,0.15,4
830,820,500,3.05061,4.75,0.15,4
830,832,500,2.867,4.11,0.15,4
830,872,3000,4.4979,5.96,0.15,4
831,285,49500,0.86267,0,0.15,4
831,457,1000,0.682,0.72,0.15,4
831,836,1000,2.98962,3.68,0.15,4
831,845,1000,4.51647,5.97,0.15,4
832,286,49500,0.86267,0,0.15,4
832,459,2000,1.27372,1.27,0.15,4
832,830,500,2.867,4.11,0.15,4
832,872,2000,4.39962,6.29,0.15,4
833,287,49500,0.86267,0,0.15,4
833,455,3000,2.14543,2.7,0.15,4
833,823,3000,2.92864,4.11,0.15,4
833,834,10500,2.93815,4.89,0.15,4
833,838,2000,3.05061,4.51,0.15,4
834,288,49500,0.86267,0,0.15,4
834,456,5500,1.96908,2.01,0.15,4
834,824,9000,3.05061,5.01,0.15,4
834,829,7500,2.928,5.31,0.15,4
834,833,10500,2.93815,4.89,0.15,4
835,289,49500,0.86267,0,0.15,4
835,455,3000,1.18441,2.85,0.15,4
835,836,6000,2.928,3.73,0.15,4
835,840,3500,2.93371,3.85,0.15,4
835,846,1500,4.37885,6.96,0.15,4
836,290,49500,0.86267,0,0.15,4
836,456,5500,1.13467,2.41,0.15,4
836,831,1000,2.98962,3.68,0.15,4
836,835,6000,2.928,3.73,0.15,4
836,846,2500,4.41945,6.34,0.15,4
837,291,49500,0.86267,0,0.15,4
837,827,2500,2.86765,3.84,0.15,4
837,838,3000,2.80865,3.79,0.15,4
837,839,2500,2.99149,4.94,0.15,4
837,842,2000,3.05061,3.61,0.15,4
838,292,49500,0.86267,0,0.15,4
838,454,3000,1.98695,1.93,0.15,4
838,828,500,2.87283,3.63,0.15,4
838,833,2000,3.05061,4.51,0.15,4
838,837,3000,2.80865,3.79,0.15,4
839,293,49500,0.86267,0,0.15,4
839,837,2500,2.99149,4.94,0.15,4
839,840,2000,2.92864,3.9,0.15,4
839,844,1500,2.93054,3.95,0.15,4
839,847,2000,4.49955,6.38,0.15,4
840,294,49500,0.86267,0,0.15,4
840,454,3000,1.20311,2.45,0.15,4
840,835,3500,2.93371,3.85,0.15,4
840,839,2000,2.92864,3.9,0.15,4
840,847,2500,4.59893,6.4,0.15,4
841,295,49500,0.86267,0,0.15,4
841,453,500,0.7446,1.48,0.15,4
841,663,3500,3.05061,4.16,0.15,4
841,842,3500,2.928,3.9,0.15,4
841,843,500,2.93371,4.18,0.15,4
842,296,49500,0.86267,0,0.15,4
842,651,2000,2.93371,4.5,0.15,4
842,837,2000,3.05061,3.61,0.15,4
842,841,3500,2.928,3.9,0.15,4
842,844,1500,2.928,3.9,0.15,4
843,297,49500,0.86267,0,0.15,4
843,665,2000,2.928,3.73,0.15,4
843,841,500,2.93371,4.18,0.15,4
843,844,3000,3.111,4.25,0.15,4
843,848,2000,4.575,6.45,0.15,4
844,298,49500,0.86267,0,0.15,4
844,839,1500,2.93054,3.95,0.15,4
844,842,1500,2.928,3.9,0.15,4
844,843,3000,3.111,4.25,0.15,4
844,848,3500,4.758,6,0.15,4
845,299,49500,0.86267,0,0.15,4
845,459,2000,3.63808,7.72,0.15,4
845,467,2500,2.20446,2.09,0.15,4
845,831,1000,4.51647,5.97,0.15,4
845,846,2500,5.80013,7.86,0.15,4
845,875,3000,5.9808,7.14,0.15,4
846,300,49500,0.86267,0,0.15,4
846,835,1500,4.37885,6.96,0.15,4
846,836,2500,4.41945,6.34,0.15,4
846,845,2500,5.80013,7.86,0.15,4
846,847,3500,6.03931,7.67,0.15,4
846,856,1500,5.91983,7.52,0.15,4
847,301,49500,0.86267,0,0.15,4
847,839,2000,4.49955,6.38,0.15,4
847,840,2500,4.59893,6.4,0.15,4
847,846,3500,6.03931,7.67,0.15,4
847,848,5000,5.97831,7.62,0.15,4
847,857,3500,5.79628,8.29,0.15,4
848,302,49500,0.86267,0,0.15,4
848,447,4000,3.81335,5.59,0.15,4
848,843,2000,4.575,6.45,0.15,4
848,844,3500,4.758,6,0.15,4
848,847,5000,5.97831,7.62,0.15,4
848,858,3000,5.67333,7.25,0.15,4
849,303,49500,0.86267,0,0.15,4
849,447,4000,2.16185,1.87,0.15,4
849,664,5500,4.45801,5.88,0.15,4
849,665,1000,4.57663,6.48,0.15,4
849,851,2000,4.55258,7.13,0.15,4
849,853,2500,4.514,6.45,0.15,4
849,859,5500,5.73692,7.36,0.15,4
850,304,49500,0.86267,0,0.15,4
850,668,4500,2.989,3.84,0.15,4
850,851,3500,2.86765,4.8,0.15,4
850,852,2500,2.80666,3.67,0.15,4
850,854,2500,2.67358,3.38,0.15,4
851,305,49500,0.86267,0,0.15,4
851,669,5500,2.93054,4.62,0.15,4
851,849,2000,4.55258,7.13,0.15,4
851,850,3500,2.86765,4.8,0.15,4
851,853,1500,2.86765,4.11,0.15,4
852,306,49500,0.86267,0,0.15,4
852,850,2500,2.80666,3.67,0.15,4
852,853,2000,2.989,3.49,0.15,4
852,854,500,2.80865,3.85,0.15,4
852,860,2000,4.47592,6.08,0.15,4
853,307,49500,0.86267,0,0.15,4
853,849,2500,4.514,6.45,0.15,4
853,851,1500,2.86765,4.11,0.15,4
853,852,2000,2.989,3.49,0.15,4
853,860,2500,4.57663,5.77,0.15,4
854,308,49500,0.86267,0,0.15,4
854,670,500,5.91731,10.31,0.15,4
854,850,2500,2.67358,3.38,0.15,4
854,852,500,2.80865,3.85,0.15,4
854,861,500,5.734,9.03,0.15,4
854,905,1000,4.9361,8.33,0.15,4
854,907,3500,4.18462,5.97,0.15,4
855,309,49500,0.86267,0,0.15,4
855,466,5000,2.10339,1.67,0.15,4
855,467,2500,3.79232,5.88,0.15,4
855,856,4000,5.79789,7.41,0.15,4
855,878,2500,5.91731,7.99,0.15,4
856,310,49500,0.86267,0,0.15,4
856,846,1500,5.91983,7.52,0.15,4
856,855,4000,5.79789,7.41,0.15,4
856,857,3000,5.9808,7.62,0.15,4
856,863,2000,5.92203,7.07,0.15,4
857,311,49500,0.86267,0,0.15,4
857,847,3500,5.79628,8.29,0.15,4
857,856,3000,5.9808,7.62,0.15,4
857,858,3000,5.91983,7.46,0.15,4
857,885,3500,6.22469,7.39,0.15,4
858,312,49500,0.86267,0,0.15,4
858,446,8500,1.41882,2.41,0.15,4
858,848,3000,5.67333,7.25,0.15,4
858,857,3000,5.91983,7.46,0.15,4
858,886,5000,6.42356,7.67,0.15,4
859,313,49500,0.86267,0,0.15,4
859,446,8500,4.74469,5.21,0.15,4
859,849,5500,5.73692,7.36,0.15,4
859,860,4000,5.734,8.17,0.15,4
859,887,4000,6.4706,9.21,0.15,4
860,314,49500,0.86267,0,0.15,4
860,852,2000,4.47592,6.08,0.15,4
860,853,2500,4.57663,5.77,0.15,4
860,859,4000,5.734,8.17,0.15,4
860,861,2500,3.66203,4.69,0.15,4
860,888,3500,6.25808,8.33,0.15,4
861,315,49500,0.86267,0,0.15,4
861,854,500,5.734,9.03,0.15,4
861,860,2500,3.66203,4.69,0.15,4
861,888,4000,6.78527,9.06,0.15,4
861,907,1500,4.65922,6.57,0.15,4
861,910,1500,6.75119,9.61,0.15,4
862,316,49500,0.86267,0,0.15,4
862,465,3500,4.47426,4.5,0.15,4
862,466,5000,3.97203,5.4,0.15,4
862,863,1000,5.91983,8.47,0.15,4
862,889,500,6.28566,7.5,0.15,4
863,317,49500,0.86267,0,0.15,4
863,856,2000,5.92203,7.07,0.15,4
863,862,1000,5.91983,8.47,0.15,4
863,885,500,5.91826,7.05,0.15,4
863,890,3000,6.34517,8.98,0.15,4
864,318,49500,0.86267,0,0.15,4
864,732,4000,6.222,7.94,0.15,4
864,865,4500,5.63879,6.74,0.15,4
864,867,1500,6.04023,8.61,0.15,4
864,913,2500,16.3991,23.35,0.15,4
865,319,49500,0.86267,0,0.15,4
865,733,5000,5.85886,6.95,0.15,4
865,864,4500,5.63879,6.74,0.15,4
865,866,1000,5.98578,7.02,0.15,4
865,868,500,6.16855,12.32,0.15,4
866,320,49500,0.86267,0,0.15,4
866,736,3500,4.70926,6.66,0.15,4
866,737,2000,4.57175,5.36,0.15,4
866,810,2500,4.57663,6.49,0.15,4
866,812,1000,4.53415,6.47,0.15,4
866,865,1000,5.98578,7.02,0.15,4
866,868,1500,8.15326,10.37,0.15,4
866,869,2500,6.0467,8.23,0.15,4
867,321,49500,0.86267,0,0.15,4
867,864,1500,6.04023,8.61,0.15,4
867,868,3500,5.81071,7.39,0.15,4
867,870,1500,5.85727,6.87,0.15,4
868,322,49500,0.86267,0,0.15,4
868,865,500,6.16855,12.32,0.15,4
868,866,1500,8.15326,10.37,0.15,4
868,867,3500,5.81071,7.39,0.15,4
868,869,2000,5.9808,7.02,0.15,4
868,871,2500,6.22469,8.29,0.15,4
869,323,49500,0.86267,0,0.15,4
869,818,1500,4.44087,6.33,0.15,4
869,820,1500,4.44087,5.66,0.15,4
869,866,2500,6.0467,8.23,0.15,4
869,868,2000,5.9808,7.02,0.15,4
869,872,2500,5.85727,7.96,0.15,4
870,324,49500,0.86267,0,0.15,4
870,867,1500,5.85727,6.87,0.15,4
870,871,5500,5.85632,7.78,0.15,4
871,325,49500,0.86267,0,0.15,4
871,868,2500,6.22469,8.29,0.15,4
871,870,5500,5.85632,7.78,0.15,4
871,872,2000,5.91983,6.94,0.15,4
871,874,2500,5.91731,7.87,0.15,4
872,326,49500,0.86267,0,0.15,4
872,460,3500,4.80508,5.86,0.15,4
872,830,3000,4.4979,5.96,0.15,4
872,832,2000,4.39962,6.29,0.15,4
872,869,2500,5.85727,7.96,0.15,4
872,871,2000,5.91983,6.94,0.15,4
873,327,49500,0.86267,0,0.15,4
873,462,1500,3.26108,3.45,0.15,4
873,874,2000,5.795,7.7,0.15,4
874,328,49500,0.86267,0,0.15,4
874,461,2000,2.42854,2.35,0.15,4
874,871,2500,5.91731,7.87,0.15,4
874,873,2000,5.795,7.7,0.15,4
874,875,4000,5.81071,6.81,0.15,4
875,329,49500,0.86267,0,0.15,4
875,460,3500,1.09969,2.21,0.15,4
875,845,3000,5.9808,7.14,0.15,4
875,874,4000,5.81071,6.81,0.15,4
875,878,1000,5.73919,8.17,0.15,4
876,330,49500,0.86267,0,0.15,4
876,462,1500,2.74025,4.35,0.15,4
876,877,1500,5.80655,7.71,0.15,4
876,879,1000,6.1613,8.12,0.15,4
877,331,49500,0.86267,0,0.15,4
877,461,2000,3.93675,5.87,0.15,4
877,876,1500,5.80655,7.71,0.15,4
877,878,1000,5.74632,7.62,0.15,4
877,880,2000,5.734,7.79,0.15,4
878,332,49500,0.86267,0,0.15,4
878,855,2500,5.91731,7.99,0.15,4
878,875,1000,5.73919,8.17,0.15,4
878,877,1000,5.74632,7.62,0.15,4
878,881,4500,6.22469,7.94,0.15,4
879,333,49500,0.86267,0,0.15,4
879,876,1000,6.1613,8.12,0.15,4
879,880,500,5.85632,7.78,0.15,4
879,882,1000,5.917,7.87,0.15,4
880,334,49500,0.86267,0,0.15,4
880,877,2000,5.734,7.79,0.15,4
880,879,500,5.85632,7.78,0.15,4
880,881,2500,5.87155,7.8,0.15,4
880,883,1000,5.85632,7.01,0.15,4
881,335,49500,0.86267,0,0.15,4
881,465,3500,1.54319,2.48,0.15,4
881,878,4500,6.22469,7.94,0.15,4
881,880,2500,5.87155,7.8,0.15,4
881,884,3000,6.10122,7.09,0.15,4
882,336,49500,0.86267,0,0.15,4
882,879,1000,5.917,7.87,0.15,4
882,883,1000,5.79628,7.7,0.15,4
883,337,49500,0.86267,0,0.15,4
883,464,2000,2.78804,3.92,0.15,4
883,880,1000,5.85632,7.01,0.15,4
883,882,1000,5.79628,7.7,0.15,4
884,338,49500,0.86267,0,0.15,4
884,464,2000,3.36165,3.18,0.15,4
884,881,3000,6.10122,7.09,0.15,4
884,889,1500,5.91983,7.86,0.15,4
885,339,49500,0.86267,0,0.15,4
885,445,1000,4.73644,6.37,0.15,4
885,857,3500,6.22469,7.39,0.15,4
885,863,500,5.91826,7.05,0.15,4
885,892,500,6.93578,8.3,0.15,4
886,340,49500,0.86267,0,0.15,4
886,445,1000,1.64248,1.05,0.15,4
886,858,5000,6.42356,7.67,0.15,4
886,887,500,5.734,6.84,0.15,4
886,892,1000,5.67136,6.8,0.15,4
887,341,49500,0.86267,0,0.15,4
887,859,4000,6.4706,9.21,0.15,4
887,886,500,5.734,6.84,0.15,4
887,888,1500,6.59506,7.89,0.15,4
887,893,500,5.79628,6.87,0.15,4
888,342,49500,0.86267,0,0.15,4
888,860,3500,6.25808,8.33,0.15,4
888,861,4000,6.78527,9.06,0.15,4
888,887,1500,6.59506,7.89,0.15,4
888,894,1000,5.79628,6.94,0.15,4
888,910,2000,6.25183,7.51,0.15,4
889,343,49500,0.86267,0,0.15,4
889,862,500,6.28566,7.5,0.15,4
889,884,1500,5.91983,7.86,0.15,4
889,895,500,7.15366,8.59,0.15,4
890,344,49500,0.86267,0,0.15,4
890,863,3000,6.34517,8.98,0.15,4
890,891,1000,6.26432,7.52,0.15,4
890,896,2000,6.89327,8.26,0.15,4
891,345,49500,0.86267,0,0.15,4
891,890,1000,6.26432,7.52,0.15,4
891,896,500,7.39384,8.87,0.15,4
891,897,1500,4.69105,5.63,0.15,4
891,899,1000,6.00068,7.18,0.15,4
892,346,49500,0.86267,0,0.15,4
892,885,500,6.93578,8.3,0.15,4
892,886,1000,5.67136,6.8,0.15,4
892,897,1000,4.27392,5.06,0.15,4
893,347,49500,0.86267,0,0.15,4
893,887,500,5.79628,6.87,0.15,4
893,894,2000,6.59506,7.82,0.15,4
893,898,2000,6.24617,7.48,0.15,4
893,901,500,9.5326,11.38,0.15,4
894,348,49500,0.86267,0,0.15,4
894,888,1000,5.79628,6.94,0.15,4
894,893,2000,6.59506,7.82,0.15,4
894,910,500,8.845,10.63,0.15,4
895,349,49500,0.86267,0,0.15,4
895,889,500,7.15366,8.59,0.15,4
895,896,500,6.29365,7.51,0.15,4
896,350,49500,0.86267,0,0.15,4
896,890,2000,6.89327,8.26,0.15,4
896,891,500,7.39384,8.87,0.15,4
896,895,500,6.29365,7.51,0.15,4
896,899,500,7.72198,9.23,0.15,4
897,351,49500,0.86267,0,0.15,4
897,443,500,1.00973,1.3,0.15,4
897,891,1500,4.69105,5.63,0.15,4
897,892,1000,4.27392,5.06,0.15,4
897,899,500,5.47133,6.6,0.15,4
898,352,49500,0.86267,0,0.15,4
898,442,500,6.25094,6.49,0.15,4
898,443,500,3.82164,3.98,0.15,4
898,893,2000,6.24617,7.48,0.15,4
898,900,1500,4.67835,5.6,0.15,4
899,353,49500,0.86267,0,0.15,4
899,442,500,1.5444,2.78,0.15,4
899,891,1000,6.00068,7.18,0.15,4
899,896,500,7.72198,9.23,0.15,4
899,897,500,5.47133,6.6,0.15,4
900,354,49500,0.86267,0,0.15,4
900,898,1500,4.67835,5.6,0.15,4
900,901,500,6.58404,7.89,0.15,4
901,355,49500,0.86267,0,0.15,4
901,893,500,9.5326,11.38,0.15,4
901,900,500,6.58404,7.89,0.15,4
902,356,49500,0.86267,0,0.15,4
902,513,3500,3.14017,3.59,0.15,4
902,541,2500,3.77264,8.02,0.15,4
902,542,10500,2.16614,4.21,0.15,4
902,660,4500,3.47218,6.04,0.15,4
902,661,3500,3.74542,7.95,0.15,4
902,670,500,6.92961,10.36,0.15,4
903,357,49500,0.86267,0,0.15,4
903,514,3000,2.56273,2.61,0.15,4
903,516,6000,7.21375,8.96,0.15,4
903,542,10500,4.21298,6.14,0.15,4
903,543,3500,0.90683,1.4,0.15,4
903,544,5000,3.28268,5.39,0.15,4
904,358,49500,0.86267,0,0.15,4
904,544,5000,2.51953,3.25,0.15,4
904,906,4500,5.72881,8.14,0.15,4
905,359,49500,0.86267,0,0.15,4
905,513,3500,5.8981,9.12,0.15,4
905,514,3000,6.71693,11.27,0.15,4
905,670,1000,4.72268,10,0.15,4
905,854,1000,4.9361,8.33,0.15,4
905,906,3000,7.74724,9.68,0.15,4
905,907,5000,5.68905,7.1,0.15,4
906,360,49500,0.86267,0,0.15,4
906,516,6000,1.11981,1.62,0.15,4
906,904,4500,5.72881,8.14,0.15,4
906,905,3000,7.74724,9.68,0.15,4
906,908,3500,6.00316,7.63,0.15,4
906,909,1500,6.31873,11.48,0.15,4
906,931,500,22.6543,14.78,0.15,4
907,361,49500,0.86267,0,0.15,4
907,854,3500,4.18462,5.97,0.15,4
907,861,1500,4.65922,6.57,0.15,4
907,905,5000,5.68905,7.1,0.15,4
907,908,3000,5.61498,7.76,0.15,4
907,910,2500,8.91122,11.06,0.15,4
908,362,49500,0.86267,0,0.15,4
908,517,2500,1.64248,2.55,0.15,4
908,906,3500,6.00316,7.63,0.15,4
908,907,3000,5.61498,7.76,0.15,4
908,911,2500,8.92687,11.42,0.15,4
908,912,1500,8.00589,12.32,0.15,4
909,363,49500,0.86267,0,0.15,4
909,517,2500,4.31335,4.39,0.15,4
909,906,1500,6.31873,11.48,0.15,4
909,912,1500,6.6291,9.83,0.15,4
910,364,49500,0.86267,0,0.15,4
910,861,1500,6.75119,9.61,0.15,4
910,888,2000,6.25183,7.51,0.15,4
910,894,500,8.845,10.63,0.15,4
910,907,2500,8.91122,11.06,0.15,4
910,911,4500,4.70056,7.03,0.15,4
911,365,49500,0.86267,0,0.15,4
911,518,3500,3.62732,5.26,0.15,4
911,908,2500,8.92687,11.42,0.15,4
911,910,4500,4.70056,7.03,0.15,4
912,366,49500,0.86267,0,0.15,4
912,518,3500,2.16614,1.64,0.15,4
912,908,1500,8.00589,12.32,0.15,4
912,909,1500,6.6291,9.83,0.15,4
913,367,49500,0.86267,0,0.15,4
913,417,3500,3.12711,3.45,0.15,4
913,708,3000,16.7325,20.04,0.15,4
913,714,3500,11.385,13.61,0.15,4
913,720,3000,7.75444,9.25,0.15,4
913,726,4000,7.53294,9.38,0.15,4
913,801,3500,20.8982,24.92,0.15,4
913,864,2500,16.3991,23.35,0.15,4
914,368,49500,0.86267,0,0.15,4
914,389,2500,3.3019,3.96,0.15,4
914,780,2000,11.5535,13.52,0.15,4
914,785,2500,7.74796,9.24,0.15,4
914,793,2000,7.3111,8.7,0.15,4
914,915,500,15.3899,21.86,0.15,4
915,369,49500,0.86267,0,0.15,4
915,914,500,15.3899,21.86,0.15,4
915,916,500,5.856,7.84,0.15,4
916,370,49500,0.86267,0,0.15,4
916,780,500,6.20793,7.93,0.15,4
916,915,500,5.856,7.84,0.15,4
916,917,1000,5.795,7.64,0.15,4
917,371,49500,0.86267,0,0.15,4
917,781,1000,6.21901,7.44,0.15,4
917,782,3000,6.89408,8.24,0.15,4
917,916,1000,5.795,7.64,0.15,4
917,918,500,6.1003,8.14,0.15,4
918,372,49500,0.86267,0,0.15,4
918,782,500,6.39191,9.5,0.15,4
918,783,500,6.72689,9.98,0.15,4
918,917,500,6.1003,8.14,0.15,4
918,919,1500,5.978,7.89,0.15,4
919,373,49500,0.86267,0,0.15,4
919,783,1500,6.33608,9,0.15,4
919,784,2500,5.77023,7.35,0.15,4
919,918,1500,5.978,7.89,0.15,4
919,920,3000,5.734,6.88,0.15,4
919,924,1000,8.53869,10.18,0.15,4
920,374,49500,0.86267,0,0.15,4
920,738,1500,5.81551,8.24,0.15,4
920,740,2000,4.84825,7.59,0.15,4
920,919,3000,5.734,6.88,0.15,4
920,921,1500,5.97831,7.14,0.15,4
921,375,49500,0.86267,0,0.15,4
921,418,2000,2.33798,3.86,0.15,4
921,739,2000,4.60136,5.84,0.15,4
921,743,2500,6.67441,8.94,0.15,4
921,920,1500,5.97831,7.14,0.15,4
922,376,49500,0.86267,0,0.15,4
922,418,2000,4.25297,4.77,0.15,4
922,743,1000,6.49471,9.71,0.15,4
922,744,1500,5.01982,6.24,0.15,4
923,377,49500,0.86267,0,0.15,4
923,418,5000,10.3917,8.98,0.15,4
924,378,49500,0.86267,0,0.15,4
924,919,1000,8.53869,10.18,0.15,4
925,379,49500,0.86267,0,0.15,4
925,390,3500,7.06021,6.93,0.15,4
926,380,49500,0.86267,0,0.15,4
926,417,3500,6.52016,6.29,0.15,4
927,381,49500,0.86267,0,0.15,4
927,462,3500,7.7268,7.78,0.15,4
928,382,49500,0.86267,0,0.15,4
928,463,3500,16.654,15.96,0.15,4
929,383,49500,0.86267,0,0.15,4
929,442,3500,32.8818,6.31,0.15,4
930,384,49500,0.86267,0,0.15,4
930,518,3500,38.3558,9.32,0.15,4
931,385,49500,0.86267,0,0.15,4
931,906,500,22.6543,14.78,0.15,4
932,386,49500,0.86267,0,0.15,4
932,515,5000,10.4426,5.93,0.15,4
933,387,49500,0.86267,0,0.15,4
933,534,3500,6.10762,5.96,0.15,4